,FractionCSP3,HeavyAtomCount,NHOHCount,NOCount,NumAliphaticCarbocycles,NumAliphaticHeterocycles,NumAromaticCarbocycles,NumHAcceptors,NumHDonors,NumHeteroatoms,NumRotatableBonds,NumSaturatedCarbocycles,NumSaturatedHeterocycles,NumSaturatedRings,RingCount
CC1CC(C(C2(C1=CC(=O)C3(C2C(C4C(C3C(=O)O4)C)O)C)C)O)O,0.7894736842105263,25.0,3.0,6.0,3.0,1.0,0.0,6.0,3.0,6.0,0.0,2.0,1.0,3.0,4.0
CC1C(C(C2C3(C(CC4C2(C1(C(C(=O)O4)O)O)C)C(=CC(=O)C3O)C)C)O)O,0.8,28.0,5.0,8.0,3.0,1.0,0.0,8.0,5.0,8.0,0.0,2.0,1.0,3.0,4.0
CCCCCC=CC=CC=O,0.5,11.0,0.0,1.0,0.0,0.0,0.0,1.0,0.0,1.0,6.0,0.0,0.0,0.0,0.0
CC(C)C(=C)CCC(C)C1CCC2(C1(CCC34C2CCC5C3(C4)CCC(C5(C)C)O)C)C,0.9354838709677419,32.0,1.0,1.0,5.0,0.0,0.0,1.0,1.0,1.0,5.0,5.0,0.0,5.0,5.0
CCC(C)N=C=S,0.8,7.0,0.0,1.0,0.0,0.0,0.0,2.0,0.0,2.0,2.0,0.0,0.0,0.0,0.0
C1=CC(=C(C=C1C2=C(C(=O)C3=C(C=C(C=C3O2)O)O)OC4C(C(C(C(O4)CO)O)O)OC(=O)C5=CC(=C(C(=C5)O)O)O)O)O,0.21428571428571427,44.0,10.0,16.0,0.0,1.0,3.0,16.0,10.0,16.0,6.0,0.0,1.0,1.0,5.0
C=CCCN=C=S,0.4,7.0,0.0,1.0,0.0,0.0,0.0,2.0,0.0,2.0,3.0,0.0,0.0,0.0,0.0
COC1=CC=C(C=C1)C=O,0.125,10.0,0.0,2.0,0.0,0.0,1.0,2.0,0.0,2.0,2.0,0.0,0.0,0.0,1.0
C=CCCCN=C=S,0.5,8.0,0.0,1.0,0.0,0.0,0.0,2.0,0.0,2.0,4.0,0.0,0.0,0.0,0.0
C1=CC2=C(C=CC(=O)O2)C=C1N,0.0,12.0,2.0,3.0,0.0,0.0,1.0,3.0,1.0,3.0,0.0,0.0,0.0,0.0,2.0
CCC(C)CC(C)C=C(C)C1C(CCC(O1)C2=C(C(=CN(C2=O)C)C3(CCC(=O)CC3O)O)O)C,0.7142857142857143,35.0,3.0,7.0,1.0,1.0,0.0,7.0,3.0,7.0,7.0,1.0,1.0,2.0,3.0
C1=CC(=C(C=C1C2=CC(=O)C3=C(O2)C=C(C(=C3O)O)O)O)O,0.0,22.0,5.0,7.0,0.0,0.0,2.0,7.0,5.0,7.0,1.0,0.0,0.0,0.0,3.0
COC1=CC2=C(C=C1)OC(=O)C=C2,0.1,13.0,0.0,3.0,0.0,0.0,1.0,3.0,0.0,3.0,1.0,0.0,0.0,0.0,2.0
CC1=CC2=C(C=C1)OC(=O)C=C2,0.1,12.0,0.0,2.0,0.0,0.0,1.0,2.0,0.0,2.0,0.0,0.0,0.0,0.0,2.0
CC1=CC2=C(C=C1)C=CC(=O)O2,0.1,12.0,0.0,2.0,0.0,0.0,1.0,2.0,0.0,2.0,0.0,0.0,0.0,0.0,2.0
COC1=C(C(=C2C(=C1)CC(CO2)C3=CC(=O)C(=C(C3=O)OC)OC)OC)O,0.3684210526315789,27.0,1.0,8.0,1.0,1.0,1.0,8.0,1.0,8.0,5.0,0.0,0.0,0.0,3.0
COC1=CC=C(C=C1)C2=CC(=O)C3=C(C=C(C=C3O2)O)O,0.0625,21.0,2.0,5.0,0.0,0.0,2.0,5.0,2.0,5.0,2.0,0.0,0.0,0.0,3.0
CC(=O)C1=CC=CC=C1,0.125,9.0,0.0,1.0,0.0,0.0,1.0,1.0,0.0,1.0,1.0,0.0,0.0,0.0,1.0
CC(=O)OC1=CC=CC=C1C(=O)O,0.1111111111111111,13.0,1.0,4.0,0.0,0.0,1.0,3.0,1.0,4.0,2.0,0.0,0.0,0.0,1.0
CCC(C)C(=O)C1=C(C2=C(C(=C1O)CC(C(=C)C)O)OC3=C2C(=C(C(=C3C(=O)C(C)CC)O)CC=C(C)C)O)O,0.4375,40.0,5.0,8.0,0.0,0.0,2.0,8.0,5.0,8.0,11.0,0.0,0.0,0.0,3.0
CC=CC1=CC2=C(C(=C1)OC)OC(C2C)C3=CC(=C(C=C3)OC)OC,0.3333333333333333,25.0,0.0,4.0,0.0,1.0,2.0,4.0,0.0,4.0,5.0,0.0,0.0,0.0,3.0
C1=CC(=CC=C1C2=CC(=O)C3=C(O2)C=C(C(=C3O)C4=C(C=C(C5=C4OC(=CC5=O)C6=CC=C(C=C6)O)O)O)O)O,0.0,40.0,6.0,10.0,0.0,0.0,4.0,10.0,6.0,10.0,3.0,0.0,0.0,0.0,6.0
CC1C2CN3CCC4=C(C3CC2C(=CO1)C(=O)OC)NC5=CC=CC=C45,0.47619047619047616,26.0,1.0,5.0,0.0,3.0,1.0,4.0,1.0,5.0,1.0,0.0,1.0,1.0,5.0
C=CCSS(=O)CC=C,0.3333333333333333,9.0,0.0,1.0,0.0,0.0,0.0,2.0,0.0,3.0,5.0,0.0,0.0,0.0,0.0
CC1(CCC23CCC4(C(C2C1OC3)CCC5C4(CCC6C5(CCC(C6(C)C)O)C)C)C)C,1.0,32.0,1.0,2.0,5.0,1.0,0.0,2.0,1.0,2.0,0.0,5.0,1.0,6.0,6.0
CN1CCC2=CC3=C(C=C2C(=O)CC4=C(C1)C(=C(C=C4)OC)OC)OCO3,0.38095238095238093,27.0,0.0,6.0,0.0,2.0,2.0,6.0,0.0,6.0,2.0,0.0,0.0,0.0,4.0
"CC1=C(C(CC(C1)O)(C)C)C#CC(=CC=CC(=CC=CC=C(C)C=CC=C(C)C#CC2=C(CC(CC2(C)C)O)C)C)C",0.45,42.0,2.0,2.0,2.0,0.0,0.0,2.0,2.0,2.0,6.0,0.0,0.0,0.0,2.0
C=CCN=C=S,0.25,6.0,0.0,1.0,0.0,0.0,0.0,2.0,0.0,2.0,2.0,0.0,0.0,0.0,0.0
CC1CCC2(CCC3(C(=CCC4C3(CCC5C4(CCC(C5(C)C)O)C)C)C2C1C)C)C,0.9333333333333333,31.0,1.0,1.0,5.0,0.0,0.0,1.0,1.0,1.0,0.0,4.0,0.0,4.0,5.0
CC(=CCCC(=CC=O)C)C,0.5,11.0,0.0,1.0,0.0,0.0,0.0,1.0,0.0,1.0,4.0,0.0,0.0,0.0,0.0
CC1=CCC(CC1)C(C)(C)O,0.8,11.0,1.0,1.0,1.0,0.0,0.0,1.0,1.0,1.0,1.0,0.0,0.0,0.0,1.0
CC1=C(C2=C(CCC(O2)(C)CCCC(C)CCCC(C)CCCC(C)C)C(=C1O)C)C,0.7931034482758621,31.0,1.0,2.0,0.0,1.0,1.0,2.0,1.0,2.0,12.0,0.0,0.0,0.0,2.0
C=CC1C2CCOC(=O)C2=COC1OCC3C(C(C(C(O3)OC(=O)C4=CC(=C(C(=C4)O)C5=CC(=CC=C5)O)O)O)O)O,0.3793103448275862,42.0,6.0,13.0,0.0,3.0,2.0,13.0,6.0,13.0,7.0,0.0,2.0,2.0,5.0
C=CC1C(OC=C2C1(CCOC2=O)O)OC3C(C(C(C(O3)CO)O)O)OC(=O)C4=C(C=C(C=C4O)O)C5=CC(=CC=C5)O,0.3793103448275862,43.0,7.0,14.0,0.0,3.0,2.0,14.0,7.0,14.0,7.0,0.0,2.0,2.0,5.0
CC1=CC(=O)CC(C1(CC(=O)C(=CC=CC(=CC=CC=C(C)C=CC=C(C)C=C=C2C(CC(CC2(C)O)O)(C)C)C)C)O)(C)C,0.475,45.0,3.0,5.0,2.0,0.0,0.0,5.0,3.0,5.0,10.0,1.0,0.0,1.0,2.0
CC1(CCC2(CCC3(C(=CCC4C3(CCC5C4(CCC(=O)C5(C)C)CO)C)C2C1)C)C(=O)O)C,0.8666666666666667,34.0,2.0,4.0,5.0,0.0,0.0,3.0,2.0,4.0,2.0,4.0,0.0,4.0,5.0
CC12CCC(C(C1CCC(=C)C2CC=C3C(COC3=O)O)(C)CO)O,0.75,25.0,3.0,5.0,2.0,1.0,0.0,5.0,3.0,5.0,3.0,2.0,1.0,3.0,3.0
CC=CC1=CC=C(C=C1)OC,0.2,11.0,0.0,1.0,0.0,0.0,1.0,1.0,0.0,1.0,2.0,0.0,0.0,0.0,1.0
C1=CC2=C(C=CO2)C3=C1C=CC(=O)O3,0.0,14.0,0.0,3.0,0.0,0.0,1.0,3.0,0.0,3.0,0.0,0.0,0.0,0.0,3.0
CC(=CC(=O)CC(=CCC1COC(=O)C1=C)C)C,0.4666666666666667,18.0,0.0,3.0,0.0,1.0,0.0,3.0,0.0,3.0,5.0,0.0,1.0,1.0,1.0
CC1=C(C(CC(C1)O)(C)C)C=CC(=CC=CC(=CC=CC=C(C)C=CC=C(C)C=CC23C(CC(CC2(O3)C)O)(C)C)C)C,0.5,43.0,2.0,3.0,2.0,1.0,0.0,3.0,2.0,3.0,10.0,1.0,1.0,2.0,3.0
C1=CC=C(C=C1)C2=[O+]C3=CC=CC=C3C=C2,0.0,16.0,0.0,1.0,0.0,0.0,2.0,0.0,0.0,1.0,1.0,0.0,0.0,0.0,3.0
CC12CCC(C(C1CCC3C24CCC(C(C3)C4)(CO)O)(C)CO)O,1.0,24.0,4.0,4.0,4.0,0.0,0.0,4.0,4.0,4.0,2.0,4.0,0.0,4.0,4.0
CCC(C)C1C(=O)N2CCCCC2C(=O)NC(C(=O)NC(C(=O)N1)CC3=CN(C4=CC=CC=C43)OC)CCCCCC(=O)CC,0.6176470588235294,45.0,3.0,11.0,0.0,2.0,1.0,7.0,3.0,11.0,12.0,0.0,2.0,2.0,4.0
C1=CC(=CC=C1C2=CC(=O)C3=C(C=C(C=C3O2)O)O)O,0.0,20.0,3.0,5.0,0.0,0.0,2.0,5.0,3.0,5.0,1.0,0.0,0.0,0.0,3.0
C1C(C(C(O1)OC2C(C(C(OC2OC3=CC(=C4C(=C3)OC(=CC4=O)C5=CC=C(C=C5)O)O)CO)O)O)O)(CO)O,0.4230769230769231,40.0,8.0,14.0,0.0,2.0,2.0,14.0,8.0,14.0,7.0,0.0,2.0,2.0,5.0
CC(=O)C1=CC(=C(C=C1)O)OC,0.2222222222222222,12.0,1.0,3.0,0.0,0.0,1.0,3.0,1.0,3.0,2.0,0.0,0.0,0.0,1.0
CN1CCC=C(C1)C(=O)OC,0.625,11.0,0.0,3.0,0.0,1.0,0.0,3.0,0.0,3.0,1.0,0.0,0.0,0.0,1.0
CN1CCC2=CC(=C(C=C2C1CC3=CC=C(C=C3)O)OC)OC,0.3684210526315789,23.0,1.0,4.0,0.0,1.0,2.0,4.0,1.0,4.0,4.0,0.0,0.0,0.0,3.0
CC1C2C3CCC4C5(CCC(C(C5CCC4(C3(CC(C2(CCC1=C)C)O)C)C)(C)C)O)C,0.9333333333333333,32.0,2.0,2.0,5.0,0.0,0.0,2.0,2.0,2.0,0.0,5.0,0.0,5.0,5.0
CCC1=C(C(=C(C(=O)O1)CC2=C(C(=C(C(=C2O)CC=C(C)C)O)C(=O)C)O)O)C,0.36363636363636365,29.0,4.0,7.0,0.0,0.0,1.0,7.0,4.0,7.0,6.0,0.0,0.0,0.0,2.0
C(C(C1C(=C(C(=O)O1)O)O)O)O,0.5,12.0,4.0,6.0,0.0,1.0,0.0,6.0,4.0,6.0,2.0,0.0,0.0,0.0,1.0
CC1CCC2(CCC3(C(=CCC4C3(CCC5C4(CC(C(C5(C)CO)O)O)C)C)C2C1C)C)C(=O)O,0.9,35.0,4.0,5.0,5.0,0.0,0.0,4.0,4.0,5.0,2.0,4.0,0.0,4.0,5.0
CC1CCC2(CCC3(C(=CCC4C3(CCC5C4(CC(C(C5(C)CO)O)O)C)C)C2C1C)C)C(=O)OC6C(C(C(C(O6)COC7C(C(C(C(O7)CO)OC8C(C(C(C(O8)C)O)O)O)O)O)O)O)O,0.9375,67.0,12.0,19.0,5.0,3.0,0.0,19.0,12.0,19.0,9.0,4.0,3.0,7.0,8.0
CCCCCCCCCCC(C1CCC(O1)C2CCC(O2)C(CCCCCCCCCCC(CC3=CC(OC3=O)C)O)O)O,0.918918918918919,44.0,3.0,7.0,0.0,3.0,0.0,7.0,3.0,7.0,25.0,0.0,2.0,2.0,3.0
CC1CCC2(C(C3C(O2)CC4C3(CCC5C4CCC6C5(CCC(C6)OC7C(C(C(C(O7)CO)O)O)O)C)C)C)OC1,1.0,41.0,4.0,8.0,4.0,3.0,0.0,8.0,4.0,8.0,3.0,4.0,3.0,7.0,7.0
CC1=C(C(CC(C1=O)O)(C)C)C=CC(=CC=CC(=CC=CC=C(C)C=CC=C(C)C=CC2=C(C(=O)C(CC2(C)C)O)C)C)C,0.4,44.0,2.0,4.0,2.0,0.0,0.0,4.0,2.0,4.0,10.0,0.0,0.0,0.0,2.0
CC=C(C)C(=O)OC1CC(C2(COC3C2C14COC(C4C(C3O)(C)C56C7CC(C5(O6)C)C8(C=COC8O7)O)(C(=O)OC)O)C(=O)OC)OC(=O)C,0.7714285714285715,51.0,3.0,16.0,3.0,5.0,0.0,16.0,3.0,16.0,6.0,3.0,4.0,7.0,8.0
C1=CC=C(C=C1)C2=CC(=O)C3=C(O2)C=C(C(=C3O)O)O,0.0,20.0,3.0,5.0,0.0,0.0,2.0,5.0,3.0,5.0,1.0,0.0,0.0,0.0,3.0
C1=CC=C(C=C1)C2=CC(=O)C3=C(C(=C(C=C3O2)OC4C(C(C(C(O4)C(=O)O)O)O)O)O)O,0.23809523809523808,32.0,6.0,11.0,0.0,1.0,2.0,10.0,6.0,11.0,4.0,0.0,1.0,1.0,4.0
CC(=CCCC(C)(C=C)C=CC1=CC=C(C=C1)O)C,0.3333333333333333,19.0,1.0,1.0,0.0,0.0,1.0,1.0,1.0,1.0,6.0,0.0,0.0,0.0,1.0
CC1(CCC2(CCC3(C(=CCC4C3(CC=C5C4(CC(C(C5(C)CO)O)O)C)C)C2C1)C)C(=O)O)C,0.8333333333333334,35.0,4.0,5.0,5.0,0.0,0.0,4.0,4.0,5.0,2.0,3.0,0.0,3.0,5.0
COC1=CC(=C2C(=C1)OC3=C(C=CC(=C3C2=O)O)O)O,0.07142857142857142,20.0,3.0,6.0,0.0,0.0,2.0,6.0,3.0,6.0,1.0,0.0,0.0,0.0,3.0
CC(=CCCC(=CCN1C2=CC(=CC(=C2NC3=C1C=C(C=C3)C(=O)C4=CC=CC=C4)C(=O)O)C(=O)C5=CC=CC=C5)C)C,0.16216216216216217,43.0,2.0,6.0,0.0,1.0,4.0,5.0,2.0,6.0,10.0,0.0,0.0,0.0,5.0
C1=CC=C(C=C1)C=O,0.0,8.0,0.0,1.0,0.0,0.0,1.0,1.0,0.0,1.0,1.0,0.0,0.0,0.0,1.0
C1=CC=C(C=C1)C(=O)O,0.0,9.0,1.0,2.0,0.0,0.0,1.0,1.0,1.0,2.0,1.0,0.0,0.0,0.0,1.0
C1=CC=C(C=C1)CO,0.14285714285714285,8.0,1.0,1.0,0.0,0.0,1.0,1.0,1.0,1.0,1.0,0.0,0.0,0.0,1.0
C1=CC=C(C=C1)CN=C=S,0.125,10.0,0.0,1.0,0.0,0.0,1.0,2.0,0.0,2.0,2.0,0.0,0.0,0.0,1.0
CN1CCC2=CC(=C3C=C2C1CC4=CC=C(C=C4)OC5=C(C=CC(=C5)CC6C7=C(O3)C(=C(C=C7CCN6C)OC)OC)O)OC,0.35135135135135137,45.0,1.0,8.0,0.0,4.0,4.0,8.0,1.0,8.0,3.0,0.0,0.0,0.0,8.0
COC1=C(C2=C[N+]3=C(C=C2C=C1)C4=CC5=C(C=C4CC3)OCO5)OC,0.25,25.0,0.0,5.0,0.0,2.0,2.0,4.0,0.0,5.0,2.0,0.0,0.0,0.0,5.0
COC1=C2C=CC(=O)OC2=CC3=C1C=CO3,0.08333333333333333,16.0,0.0,4.0,0.0,0.0,1.0,4.0,0.0,4.0,1.0,0.0,0.0,0.0,3.0
COC1=C(C=C2C(=C1O)C3C(C(C(C(O3)CO)O)O)OC2=O)O,0.5,23.0,5.0,9.0,0.0,2.0,1.0,9.0,5.0,9.0,2.0,0.0,1.0,1.0,3.0
CC1(CCC2(CCC3(C(=CCC4C3(CCC5C4(CCC(C5(C)C)O)C)C)C2C1)C)C)C,0.9333333333333333,31.0,1.0,1.0,5.0,0.0,0.0,1.0,1.0,1.0,0.0,4.0,0.0,4.0,5.0
CC1=C(C(CCC1)(C)C)C=CC(=CC=CC(=CC=CC=C(C)C=CC=C(C)C=CC2=C(CCCC2(C)C)C)C)C,0.45,40.0,0.0,0.0,2.0,0.0,0.0,0.0,0.0,0.0,10.0,0.0,0.0,0.0,2.0
CC1=CCCC(=C)C2CC(C2CC1)(C)C,0.7333333333333333,15.0,0.0,0.0,2.0,0.0,0.0,0.0,0.0,0.0,0.0,1.0,0.0,1.0,2.0
CC1=C(C(CCC1)(C)C)C=CC(=CC=CC(=CC=CC=C(C)C=CC=C(C)C=CC2=C(CC(CC2(C)C)O)C)C)C,0.45,41.0,1.0,1.0,2.0,0.0,0.0,1.0,1.0,1.0,10.0,0.0,0.0,0.0,2.0
CCC(CCC(C)C1CCC2C1(CCC3C2CC=C4C3(CCC(C4)O)C)C)C(C)C,0.9310344827586207,30.0,1.0,1.0,4.0,0.0,0.0,1.0,1.0,1.0,6.0,3.0,0.0,3.0,4.0
CC(=C)C1CCC2(C1C3CCC4C5(CCC(C(C5CCC4(C3(CC2)C)C)(C)C)O)C)CO,0.9333333333333333,32.0,2.0,2.0,5.0,0.0,0.0,2.0,2.0,2.0,2.0,5.0,0.0,5.0,5.0
CC(=C)C1CCC2(C1C3CCC4C5(CCC(C(C5CCC4(C3(CC2)C)C)(C)C)O)C)C(=O)O,0.9,33.0,2.0,3.0,5.0,0.0,0.0,2.0,2.0,3.0,2.0,5.0,0.0,5.0,5.0
CC(=C)C1CCC2(C1C3CCC4C5(CCC(=O)C(C5CCC4(C3(CC2)C)C)(C)C)C)C(=O)O,0.8666666666666667,33.0,1.0,3.0,5.0,0.0,0.0,2.0,1.0,3.0,2.0,5.0,0.0,5.0,5.0
CC1CC2C(C(C3(C1C=CC3=O)C)OC(=O)C)C(=C)C(=O)O2,0.5882352941176471,22.0,0.0,5.0,2.0,1.0,0.0,5.0,0.0,5.0,1.0,1.0,1.0,2.0,3.0
COC1=CC=C(C=C1)C2=COC3=CC(=CC(=C3C2=O)O)O,0.0625,21.0,2.0,5.0,0.0,0.0,2.0,5.0,2.0,5.0,2.0,0.0,0.0,0.0,3.0
CC1=CCC(CC1)C(C)(CCC=C(C)C)O,0.7333333333333333,16.0,1.0,1.0,1.0,0.0,0.0,1.0,1.0,1.0,4.0,0.0,0.0,0.0,1.0
CC1CCC2(CCC3(C(=CC(=O)C4C3(CCC5C4(CCC(C5(C)C(=O)O)OC(=O)C)C)C)C2C1C)C)C,0.84375,37.0,1.0,5.0,5.0,0.0,0.0,4.0,1.0,5.0,2.0,4.0,0.0,4.0,5.0
CC1=C(C(=O)CC2(C1CC3C45C2C(C(C(C4C(C(=O)O3)OC(=O)C=C(C)C(C)C)(OC5)C(=O)OC)O)O)C)O,0.7142857142857143,39.0,3.0,11.0,3.0,2.0,0.0,11.0,3.0,11.0,4.0,2.0,2.0,4.0,5.0
COC1=C(C=C2C(=C1)C34CCN5C3CC6C7C4N2C(=O)CC7OCC=C6C5)OC,0.6086956521739131,29.0,0.0,6.0,1.0,5.0,1.0,5.0,0.0,6.0,2.0,1.0,3.0,4.0,7.0
COC1=C(C=C2C(=C1)C34CC[N+]5(C3CC6C7C4N2C(=O)CC7OCC=C6C5)[O-])OC,0.6086956521739131,30.0,0.0,7.0,1.0,5.0,1.0,5.0,0.0,7.0,2.0,1.0,3.0,4.0,7.0
CC(=CCC1=C(C(=CC(=C1)C2CC(=O)C3=C(C=C(C=C3O2)O)O)C=CC(C)(C)O)OC)C,0.34615384615384615,32.0,3.0,6.0,0.0,1.0,2.0,6.0,3.0,6.0,6.0,0.0,0.0,0.0,3.0
COC1=C(C=C(C=C1)C=CCC2=C(C(=C(C=C2)O)OC)OC)O,0.2222222222222222,23.0,2.0,5.0,0.0,0.0,2.0,5.0,2.0,5.0,6.0,0.0,0.0,0.0,2.0
C1=CC(=C(C=C1C=CC(=O)O)O)O,0.0,13.0,3.0,4.0,0.0,0.0,1.0,3.0,3.0,4.0,2.0,0.0,0.0,0.0,1.0
COC1=CC(=C2C(=C1)OCC(C2=O)C3=C(C=C(C=C3)O)OC)O,0.23529411764705882,23.0,2.0,6.0,0.0,1.0,2.0,6.0,2.0,6.0,3.0,0.0,0.0,0.0,3.0
CC1(C2CCC(C2)C1=C)C,0.8,10.0,0.0,0.0,2.0,0.0,0.0,0.0,0.0,0.0,0.0,2.0,0.0,2.0,2.0
CC1(C2CCC1(C(=O)C2)C)C,0.9,11.0,0.0,1.0,2.0,0.0,0.0,1.0,0.0,1.0,0.0,2.0,0.0,2.0,2.0
CCC1(C2=C(COC1=O)C(=O)N3CC4=CC5=CC=CC=C5N=C4C3=C2)O,0.25,26.0,1.0,6.0,0.0,2.0,1.0,6.0,1.0,6.0,1.0,0.0,0.0,0.0,5.0
CC1=C(C(CCC1=O)(C)C)C=CC(=CC=CC(=CC=CC=C(C)C=CC=C(C)C=CC2=C(C(=O)CCC2(C)C)C)C)C,0.4,42.0,0.0,2.0,2.0,0.0,0.0,2.0,0.0,2.0,10.0,0.0,0.0,0.0,2.0
CC(C)C=CCCCCC(=O)NCC1=CC(=C(C=C1)O)OC,0.5,22.0,2.0,4.0,0.0,0.0,1.0,3.0,2.0,4.0,9.0,0.0,0.0,0.0,1.0
CC(=CC=CC=C(C)C=CC=C(C)C=CC(=O)C1(CC(CC1(C)C)O)C)C=CC=C(C)C=CC(=O)C2(CC(CC2(C)C)O)C,0.5,44.0,2.0,4.0,2.0,0.0,0.0,4.0,2.0,4.0,12.0,2.0,0.0,2.0,2.0
CC(=C)C1CCC23CC(CCC2C1(C)CCC(=O)O)C(=C)C3=O,0.7,23.0,1.0,3.0,3.0,0.0,0.0,2.0,1.0,3.0,4.0,3.0,0.0,3.0,3.0
CC=C(C)C1C(C2C(CCC(C2C=C1C)O)C)C=CC=CC(=O)O,0.5714285714285714,24.0,2.0,3.0,2.0,0.0,0.0,2.0,2.0,3.0,4.0,1.0,0.0,1.0,2.0
CC1CCC(C2C1C(C(C(=C2)C)C(=CCO)C)C=CC=CC(=O)O)O,0.5714285714285714,25.0,3.0,4.0,2.0,0.0,0.0,3.0,3.0,4.0,5.0,1.0,0.0,1.0,2.0
CC1=C(C=C(C=C1)C(C)C)O,0.4,11.0,1.0,1.0,0.0,0.0,1.0,1.0,1.0,1.0,1.0,0.0,0.0,0.0,1.0
C1CN2CC(C(C(C2C1O)O)O)O,1.0,13.0,4.0,5.0,0.0,2.0,0.0,5.0,4.0,5.0,0.0,0.0,2.0,2.0,2.0
CC1C(C(C(C(O1)OC2C(OC(C(C2O)O)OCC3C(C(C(C(O3)OC(=O)C45CCC(CC4C6=CCC7C8(CCC(C(C8CCC7(C6(CC5)C)C)(C)CO)OC9C(C(C(CO9)O)O)O)C)(C)C)O)O)O)CO)O)O)O,0.9433962264150944,75.0,13.0,22.0,5.0,4.0,0.0,22.0,13.0,22.0,11.0,4.0,4.0,8.0,9.0
CC1=C(C(=O)C=C2C1=CC=C3C2(CCC4(C3(CCC5(C4CC(CC5)(C)C(=O)O)C)C)C)C)O,0.6551724137931034,33.0,2.0,4.0,5.0,0.0,0.0,3.0,2.0,4.0,1.0,3.0,0.0,3.0,5.0
CN1C(=O)C23CC4(C(N2C(=O)C1(SS3)CO)NC5=CC=CC=C54)C67CC89C(=O)N(C(C(=O)N8C6NC1=CC=CC=C71)(SS9)CO)C,0.4666666666666667,46.0,4.0,12.0,0.0,10.0,2.0,12.0,4.0,16.0,3.0,0.0,8.0,8.0,12.0
CC(C)(C=C)C1=CC2=CC3=C(C=C2OC1=O)OC(C3)C(C)(C)O,0.42105263157894735,23.0,1.0,4.0,0.0,1.0,1.0,4.0,1.0,4.0,3.0,0.0,0.0,0.0,3.0
CC(CC(=O)O)(CC(=O)OCC1C(C(C(C(O1)OC2=CC(=C3C(=C2)OC(=CC3=O)C4=CC=C(C=C4)O)O)O)O)O)O,0.37037037037037035,41.0,7.0,14.0,0.0,1.0,2.0,13.0,7.0,14.0,9.0,0.0,1.0,1.0,4.0
C[N+]1=C2C(=C3C=CC(=C(C3=C1)OC)OC)C=CC4=CC5=C(C=C42)OCO5,0.19047619047619047,26.0,0.0,5.0,0.0,1.0,3.0,4.0,0.0,5.0,2.0,0.0,0.0,0.0,5.0
C1C(C(C(CC1(C(=O)O)O)OC(=O)C=CC2=CC(=C(C=C2)O)O)O)O,0.375,25.0,6.0,9.0,1.0,0.0,1.0,8.0,6.0,9.0,4.0,1.0,0.0,1.0,2.0
CCC1=C(C2=NC1=CC3=C(C4=C(C(C(=C4[N-]3)C5=NC(=CC6=NC(=C2)C(=C6C)C=C)C(C5CCC(=O)OCC=C(C)CCCC(C)CCCC(C)CCCC(C)C)C)C(=O)OC)[O-])C)C.[Mg+2],0.5454545454545454,65.0,0.0,9.0,1.0,4.0,0.0,8.0,0.0,10.0,20.0,0.0,0.0,0.0,6.0
C[N+](C)(C)CCO,1.0,7.0,1.0,2.0,0.0,0.0,0.0,1.0,1.0,2.0,2.0,0.0,0.0,0.0,0.0
C1=CC=C(C=C1)C2=CC(=O)C3=C(C=C(C=C3O2)O)O,0.0,19.0,2.0,4.0,0.0,0.0,2.0,4.0,2.0,4.0,1.0,0.0,0.0,0.0,3.0
COC1=C(C=CC(=C1)C2=C(C(=O)C3=C(C(=C(C=C3O2)OC)O)O)OC)O,0.16666666666666666,26.0,3.0,8.0,0.0,0.0,2.0,8.0,3.0,8.0,4.0,0.0,0.0,0.0,3.0
COC1=C(C(=C2C(=C1)OC(=C(C2=O)OC)C3=CC(=C(C=C3)O)O)O)OC,0.16666666666666666,26.0,3.0,8.0,0.0,0.0,2.0,8.0,3.0,8.0,4.0,0.0,0.0,0.0,3.0
C1C(C(OC2=C1C(=CC3=C2C(CC(=O)O3)C4=CC(=C(C=C4)O)O)O)C5=CC(=C(C=C5)O)O)O,0.20833333333333334,33.0,6.0,9.0,0.0,2.0,3.0,9.0,6.0,9.0,2.0,0.0,0.0,0.0,5.0
C1=CC=C(C=C1)C=CC=O,0.0,10.0,0.0,1.0,0.0,0.0,1.0,1.0,0.0,1.0,2.0,0.0,0.0,0.0,1.0
CC(=O)OC1C=C(C(C2(C1C(CCC2)(C)C)C)(C=O)O)C=O,0.7058823529411765,22.0,1.0,5.0,2.0,0.0,0.0,5.0,1.0,5.0,3.0,1.0,0.0,1.0,2.0
CC(=O)OC1C=C2C(=O)OCC2(C3(C1C(CCC3)(C)C)C)O,0.7647058823529411,22.0,1.0,5.0,2.0,1.0,0.0,5.0,1.0,5.0,1.0,1.0,1.0,2.0,3.0
COC1=C(C(=C2C(=C1)OC(=CC2=O)C3=CC(=C(C=C3)O)O)O)OC,0.11764705882352941,24.0,3.0,7.0,0.0,0.0,2.0,7.0,3.0,7.0,3.0,0.0,0.0,0.0,3.0
C1CCC(C(C1)CN)CN,1.0,10.0,4.0,2.0,1.0,0.0,0.0,2.0,2.0,2.0,2.0,1.0,0.0,1.0,1.0
CC1=C(C(CCC1)(C)C)C=CC(=CC=CC(=CC=CC=C(C)C=CC=C(C)C=CC(=O)C)C)C,0.36363636363636365,34.0,0.0,1.0,1.0,0.0,0.0,1.0,0.0,1.0,10.0,0.0,0.0,0.0,1.0
C(C(=O)O)C(CC(=O)O)(C(=O)O)O,0.5,13.0,4.0,7.0,0.0,0.0,0.0,4.0,4.0,7.0,5.0,0.0,0.0,0.0,0.0
CC(CCC=C(C)C)CC=O,0.7,11.0,0.0,1.0,0.0,0.0,0.0,1.0,0.0,1.0,5.0,0.0,0.0,0.0,0.0
CC(CCC=C(C)C)CCO,0.8,11.0,1.0,1.0,0.0,0.0,0.0,1.0,1.0,1.0,5.0,0.0,0.0,0.0,0.0
CC(=O)NC1CCC2=CC(=C(C(=C2C3=CC=C(C(=O)C=C13)OC)OC)OC)OC,0.36363636363636365,29.0,1.0,7.0,1.0,0.0,2.0,6.0,1.0,7.0,5.0,0.0,0.0,0.0,3.0
CC1C(C(C(C(O1)OC2CCC3(C4CCC5(C(CCC5(C4CCC3(C2)O)O)C6=CC(=O)OC6)C)C=O)O)O)O,0.8620689655172413,39.0,5.0,10.0,4.0,2.0,0.0,10.0,5.0,10.0,4.0,4.0,1.0,5.0,6.0
COC1=C(C=C2C(=C1)CCNC2=O)OC,0.36363636363636365,15.0,1.0,4.0,0.0,1.0,1.0,3.0,1.0,4.0,2.0,0.0,0.0,0.0,2.0
CC1C2C3=CC(=C(C=C3CCN2CC4=C1C=CC(=C4OC)OC)OC)OC,0.45454545454545453,27.0,0.0,5.0,0.0,2.0,2.0,5.0,0.0,5.0,4.0,0.0,0.0,0.0,4.0
C1=CC(=CC=C1C2=CC(=O)C3=C(C=C(C=C3O2)OC4C(C(C(C(O4)CO)O)O)O)O)O,0.2857142857142857,31.0,6.0,10.0,0.0,1.0,2.0,10.0,6.0,10.0,4.0,0.0,1.0,1.0,4.0
CC1C2CCC(C2=CC3(CCC(=C3C(C1O)OC4C(C5C6(C(O4)COC)OC(O5)C(O6)(C)C7CO7)O)C(C)C)C)(COC)O,0.8787878787878788,44.0,3.0,11.0,3.0,4.0,0.0,11.0,3.0,11.0,8.0,1.0,4.0,5.0,7.0
CN1C2=CC=CC=C2C=C3C1=C4C=CC=CC4=N3,0.0625,18.0,0.0,2.0,0.0,2.0,2.0,2.0,0.0,2.0,0.0,0.0,0.0,0.0,4.0
CN1CCC2=CC(=C(C=C2C(=O)CC3=C(C1)C4=C(C=C3)OCO4)OC)OC,0.38095238095238093,27.0,0.0,6.0,0.0,2.0,2.0,6.0,0.0,6.0,2.0,0.0,0.0,0.0,4.0
CC(=O)OC(C)(C)C=CC(=O)C(C)(C1C(CC2(C1(CC(=O)C3(C2CC=C4C3C=C(C(=O)C4(C)C)O)C)C)C)O)O,0.6875,40.0,3.0,8.0,4.0,0.0,0.0,8.0,3.0,8.0,5.0,2.0,0.0,2.0,4.0
COC1=C(C=CC(=C1)C=CC(=O)CC(=O)C=CC2=CC(=C(C=C2)O)OC)O,0.14285714285714285,27.0,2.0,6.0,0.0,0.0,2.0,6.0,2.0,6.0,8.0,0.0,0.0,0.0,2.0
CC1CC2=C(C1=O)C3C(C=C(C2=O)C)C(CCC3=C)C(=C)C,0.5,22.0,0.0,2.0,3.0,0.0,0.0,2.0,0.0,2.0,1.0,1.0,0.0,1.0,3.0
C1=CC(=C(C=C1C2=[O+]C3=CC(=CC(=C3C=C2O)O)O)O)O,0.0,21.0,5.0,6.0,0.0,0.0,2.0,5.0,5.0,6.0,1.0,0.0,0.0,0.0,3.0
CC(C)CCCC(C)C1CCC2(C1(CCC34C2CCC5C3(C4)CCC(C5(C)C)O)C)C,1.0,31.0,1.0,1.0,5.0,0.0,0.0,1.0,1.0,1.0,5.0,5.0,0.0,5.0,5.0
C1C(C(C(CC1(C(=O)O)OC(=O)C=CC2=CC(=C(C=C2)O)O)OC(=O)C=CC3=CC(=C(C=C3)O)O)O)O,0.24,37.0,7.0,12.0,1.0,0.0,2.0,11.0,7.0,12.0,7.0,1.0,0.0,1.0,3.0
C1=CC(=C(C=C1C2=CC(=O)C3=C(C=C(C=C3O2)OC4C(C(C(C(O4)CO)O)O)O)O)O)O,0.2857142857142857,32.0,7.0,11.0,0.0,1.0,2.0,11.0,7.0,11.0,4.0,0.0,1.0,1.0,4.0
CC1CC=CC2C3C(O3)(C(C4C2(C(=O)NC4CC5=CC=CC=C5)OC(=O)OC=CC(C1=O)(C)O)C)C,0.5357142857142857,36.0,2.0,8.0,1.0,3.0,1.0,7.0,2.0,8.0,2.0,1.0,2.0,3.0,5.0
C1=CC(=CC=C1C2=COC3=C(C2=O)C=CC(=C3)O)O,0.0,19.0,2.0,4.0,0.0,0.0,2.0,4.0,2.0,4.0,1.0,0.0,0.0,0.0,3.0
CN1CCC2=CC3=C(C=C2C1C4C5=C(C6=C(C=C5)OCO6)C(=O)O4)OCO3,0.35,27.0,0.0,7.0,0.0,4.0,2.0,7.0,0.0,7.0,1.0,0.0,0.0,0.0,6.0
CC1(C2CCC1(C(C2)O)C)C,1.0,11.0,1.0,1.0,2.0,0.0,0.0,1.0,1.0,1.0,0.0,2.0,0.0,2.0,2.0
CN1CCC2=CC3=C(C4=C2C1CC5=C4C(=C(C=C5)OC)O)OCO3,0.3684210526315789,24.0,1.0,5.0,1.0,2.0,2.0,5.0,1.0,5.0,1.0,0.0,0.0,0.0,5.0
C1(C(C(C(C(C1O)O)O)O)O)O,1.0,12.0,6.0,6.0,1.0,0.0,0.0,6.0,6.0,6.0,0.0,1.0,0.0,1.0,1.0
C=C1CCC2C(C3C1CCC3=C)OC(=O)C2=C,0.5333333333333333,17.0,0.0,2.0,2.0,1.0,0.0,2.0,0.0,2.0,0.0,2.0,1.0,3.0,3.0
C1=C(C=C(C(=C1O)O)O)C2=[O+]C3=CC(=CC(=C3C=C2O)O)O.[Cl-],0.0,23.0,6.0,7.0,0.0,0.0,2.0,6.0,6.0,8.0,1.0,0.0,0.0,0.0,3.0
CC1C(C(C(C(O1)OC2=C(OC3=CC(=CC(=C3C2=O)O)O)C4=CC(=C(C(=C4)O)O)O)OC(=O)C5=CC(=C(C(=C5)O)O)O)O)O,0.21428571428571427,44.0,10.0,16.0,0.0,1.0,3.0,16.0,10.0,16.0,5.0,0.0,1.0,1.0,5.0
CCC(C)C1C(=O)N(C(C(=O)N(C(C(=O)NCCC(=O)OC(C(=O)N2CCCC2C(=O)N1)CC(C)C)C)C)C(C)C)C,0.8,42.0,2.0,12.0,0.0,2.0,0.0,7.0,2.0,12.0,5.0,0.0,2.0,2.0,2.0
"CC1=C(C(CC(C1)O)(C)C)C#CC(=CC=CC(=CC=CC=C(C)C=CC=C(C)C=CC23C(CC(CC2(O3)C)O)(C)C)C)C",0.5,43.0,2.0,3.0,2.0,1.0,0.0,3.0,2.0,3.0,8.0,1.0,1.0,2.0,3.0
"CC1=C(C(CC(C1)O)(C)C)C=CC(=CC=CC(=CC=CC=C(C)C=CC=C(C)C#CC2=C(CC(CC2(C)C)O)C)C)C",0.45,42.0,2.0,2.0,2.0,0.0,0.0,2.0,2.0,2.0,8.0,0.0,0.0,0.0,2.0
CC1C(C(CC(O1)OC2C(OC(CC2O)OC3C(OC(CC3O)OC4CCC5(C(C4)CCC6C5CCC7(C6(CCC7C8=CC(=O)OC8)O)C)C)C)C)O)O,0.926829268292683,54.0,5.0,13.0,4.0,4.0,0.0,13.0,5.0,13.0,7.0,4.0,3.0,7.0,8.0
CC(=O)OC(C)(C)CCC(=O)C(C)(C1C(CC2(C1(CC(=O)C3(C2CC=C4C3CC(C(=O)C4(C)C)O)C)C)C)O)O,0.8125,40.0,3.0,8.0,4.0,0.0,0.0,8.0,3.0,8.0,6.0,3.0,0.0,3.0,4.0
CC1CCC2(C(C3C(O2)CC4C3(CCC5C4CC=C6C5(CCC(C6)O)C)C)C)OC1,0.9259259259259259,30.0,1.0,3.0,4.0,2.0,0.0,3.0,1.0,3.0,0.0,3.0,2.0,5.0,6.0
CC1C(C(C(C(O1)OCC2C(C(C(C(O2)OC3=CC(=C4C(=C3)OC(=CC4=O)C5=CC(=C(C=C5)OC)O)O)O)O)O)O)O)O,0.4642857142857143,43.0,8.0,15.0,0.0,2.0,2.0,15.0,8.0,15.0,7.0,0.0,2.0,2.0,5.0
CC1=CCC(CC1)C(=C)C,0.6,10.0,0.0,0.0,1.0,0.0,0.0,0.0,0.0,0.0,1.0,0.0,0.0,0.0,1.0
CN1CCC2=CC(=C(C3=C2C1CC4=CC(=C(C=C43)OC)O)O)OC,0.3684210526315789,24.0,2.0,5.0,1.0,1.0,2.0,5.0,2.0,5.0,2.0,0.0,0.0,0.0,4.0
CC1=C2C(C(=O)C3(C(CC4C(C3C(C(C2(C)C)(CC1OC(=O)C(C(C5=CC=CC=C5)NC(=O)OC(C)(C)C)O)O)OC(=O)C6=CC=CC=C6)(CO4)OC(=O)C)O)C)O,0.5581395348837209,58.0,5.0,15.0,3.0,1.0,2.0,14.0,5.0,15.0,8.0,2.0,1.0,3.0,6.0
CC1C(C(CC(O1)OC2CC(CC3=C2C(=C4C(=C3O)C(=O)C5=C(C4=O)C(=CC=C5)OC)O)(C(=O)CO)O)N)O,0.4444444444444444,39.0,7.0,12.0,2.0,1.0,2.0,12.0,6.0,12.0,5.0,0.0,1.0,1.0,5.0
COC1=C(C2=C(CC3C4=CC(=C(C=C4CCN3C2)OC)O)C=C1)O,0.3684210526315789,24.0,2.0,5.0,0.0,2.0,2.0,5.0,2.0,5.0,2.0,0.0,0.0,0.0,4.0
C1=C2C3=C(C(=C1O)O)OC(=O)C4=CC(=C(C(=C43)OC2=O)O)O,0.0,22.0,4.0,8.0,0.0,0.0,2.0,8.0,4.0,8.0,0.0,0.0,0.0,0.0,4.0
CCCCCCCCCCCC1=C(C(=O)C=C(C1=O)O)O,0.6470588235294118,21.0,2.0,4.0,1.0,0.0,0.0,4.0,2.0,4.0,10.0,0.0,0.0,0.0,1.0
CC1=CC2=C(C(=C1)O)C(=O)C3=C(C2=O)C=C(C=C3O)O,0.06666666666666667,20.0,3.0,5.0,1.0,0.0,2.0,5.0,3.0,5.0,0.0,0.0,0.0,0.0,3.0
CC1=CC2=C(C(=C1)O)C(=O)C3=C(C2=O)C=C(C=C3OC4C(C(C(C(O4)CO)O)O)O)O,0.3333333333333333,31.0,6.0,10.0,1.0,1.0,2.0,10.0,6.0,10.0,3.0,0.0,1.0,1.0,4.0
C1C(C(OC2=CC(=CC(=C21)O)O)C3=CC(=C(C=C3)O)O)O,0.2,21.0,5.0,6.0,0.0,1.0,2.0,6.0,5.0,6.0,1.0,0.0,0.0,0.0,3.0
C1C(C(OC2=CC(=CC(=C21)O)O)C3=CC(=C(C=C3)O)O)OC(=O)C4=CC(=C(C(=C4)O)O)O,0.13636363636363635,32.0,7.0,10.0,0.0,1.0,3.0,10.0,7.0,10.0,3.0,0.0,0.0,0.0,4.0
C1C(C(OC2=CC(=CC(=C21)O)O)C3=CC(=C(C(=C3)O)O)O)O,0.2,22.0,6.0,7.0,0.0,1.0,2.0,7.0,6.0,7.0,1.0,0.0,0.0,0.0,3.0
C1C(C(OC2=CC(=CC(=C21)O)O)C3=CC(=C(C(=C3)O)O)O)OC(=O)C4=CC(=C(C(=C4)O)O)O,0.13636363636363635,33.0,8.0,11.0,0.0,1.0,3.0,11.0,8.0,11.0,3.0,0.0,0.0,0.0,4.0
C1=CC(=C2C(=C1O)O2)O,0.0,9.0,2.0,3.0,0.0,1.0,1.0,3.0,2.0,3.0,0.0,0.0,0.0,0.0,2.0
CC1=CCC2C(C3C1CCC3=C)OC(=O)C2=C,0.5333333333333333,17.0,0.0,2.0,2.0,1.0,0.0,2.0,0.0,2.0,0.0,1.0,1.0,2.0,3.0
CC1C(C(C(C(O1)OCC2C(C(C(C(O2)OC3=CC(=C4C(=O)CC(OC4=C3)C5=CC(=C(C=C5)O)O)O)O)O)O)O)O)O,0.5185185185185185,42.0,9.0,15.0,0.0,3.0,2.0,15.0,9.0,15.0,6.0,0.0,2.0,2.0,5.0
C1C(OC2=CC(=CC(=C2C1=O)O)O)C3=CC(=C(C=C3)O)O,0.13333333333333333,21.0,4.0,6.0,0.0,1.0,2.0,6.0,4.0,6.0,1.0,0.0,0.0,0.0,3.0
CCCCCCCCC=CCCCCCCCCCCCC(=O)O,0.8636363636363636,24.0,1.0,2.0,0.0,0.0,0.0,1.0,1.0,2.0,19.0,0.0,0.0,0.0,0.0
CC1(CCC2(CCC3(C(=CCC4C3(CCC5C4(CCC(C5(C)C)O)C)C)C2C1)C)CO)C,0.9333333333333333,32.0,2.0,2.0,5.0,0.0,0.0,2.0,2.0,2.0,1.0,4.0,0.0,4.0,5.0
C1=CC(=O)OC2=CC(=C(C=C21)O)O,0.0,13.0,2.0,4.0,0.0,0.0,1.0,4.0,2.0,4.0,0.0,0.0,0.0,0.0,2.0
COC1=CC=C(C=C1)CC=C,0.2,11.0,0.0,1.0,0.0,0.0,1.0,1.0,0.0,1.0,3.0,0.0,0.0,0.0,1.0
CC1OCC2C(O1)C(C(C(O2)OC3C4COC(=O)C4C(C5=CC6=C(C=C35)OCO6)C7=CC(=C(C(=C7)OC)O)OC)O)O,0.5517241379310345,42.0,3.0,13.0,1.0,4.0,2.0,13.0,3.0,13.0,5.0,0.0,3.0,3.0,7.0
COC1=C(C=CC(=C1)CC=C)O,0.2,12.0,1.0,2.0,0.0,0.0,1.0,2.0,1.0,2.0,3.0,0.0,0.0,0.0,1.0
COC1=C(C2=C(C=C1O)OC(=CC2=O)C3=CC(=C(C=C3)O)O)O,0.0625,23.0,4.0,7.0,0.0,0.0,2.0,7.0,4.0,7.0,2.0,0.0,0.0,0.0,3.0
CC1C2C(C3C4(C(CC(=O)C3(C1C(=O)O2)C)C(=CC(C4O)O)C)C)O,0.7894736842105263,25.0,3.0,6.0,3.0,1.0,0.0,6.0,3.0,6.0,0.0,2.0,1.0,3.0,4.0
CC1C2C(C3C4(C(CC(=O)C3(C1C(=O)O2)C)C(=CC(=O)C4O)C)C)O,0.7368421052631579,25.0,2.0,6.0,3.0,1.0,0.0,6.0,2.0,6.0,0.0,2.0,1.0,3.0,4.0
CC1C2C(C3C(C1C(=O)O2)(C(=O)C=C4C3(C(C(C=C4C)O)O)C)C)O,0.6842105263157895,25.0,3.0,6.0,3.0,1.0,0.0,6.0,3.0,6.0,0.0,1.0,1.0,2.0,4.0
CC1=CC(C(C2(C1CC3C45C2C(C(C(=C)C4(C(C(=O)O3)O)O)O)(OC5)O)C)O)O,0.75,29.0,6.0,9.0,3.0,2.0,0.0,9.0,6.0,9.0,0.0,2.0,2.0,4.0,5.0
CC1=CC(=O)C(C2(C1CC3C45C2C(C(C(=C)C4(C(C(=O)O3)O)O)O)(OC5)O)C)O,0.7,29.0,5.0,9.0,3.0,2.0,0.0,9.0,5.0,9.0,0.0,2.0,2.0,4.0,5.0
C1CNC(C(C1O)O)CO,1.0,10.0,4.0,4.0,0.0,1.0,0.0,4.0,4.0,4.0,1.0,0.0,1.0,1.0,1.0
CC(=CCCC(=CCCC(=CCO)C)C)C,0.6,16.0,1.0,1.0,0.0,0.0,0.0,1.0,1.0,1.0,7.0,0.0,0.0,0.0,0.0
COC1=C(C=CC(=C1)C=CC(=O)O)O,0.1,14.0,2.0,4.0,0.0,0.0,1.0,3.0,2.0,4.0,3.0,0.0,0.0,0.0,1.0
C1=CC(=C(C=C1C2=C(C(=O)C3=C(O2)C=C(C=C3)O)O)O)O,0.0,21.0,4.0,6.0,0.0,0.0,2.0,6.0,4.0,6.0,1.0,0.0,0.0,0.0,3.0
C1C(C(OC2=CC(=CC(=C21)O)O)C3=CC(=C(C=C3)O)O)O.C1=CC=C(C=C1)C2=CC(=O)C3=C(C(=C(C=C3O2)OC4C(C(C(C(O4)C(=O)O)O)O)O)O)O,0.2222222222222222,53.0,11.0,17.0,0.0,2.0,4.0,16.0,11.0,17.0,5.0,0.0,1.0,1.0,7.0
CC(=CCN1C2C(CCN2C)(C3=C1C=C(C=C3)Br)C(C)(C)C=C)C,0.5238095238095238,24.0,0.0,2.0,0.0,2.0,1.0,2.0,0.0,3.0,4.0,0.0,1.0,1.0,3.0
CC(=CC=CC=C(C)C=CC=C(C)C(=O)CC12C(CC(CC1(O2)C)O)(C)C)C=CC=C(C)C=C=C3C(CC(CC3(C)O)OC(=O)C)(C)C,0.5476190476190477,48.0,2.0,6.0,2.0,1.0,0.0,6.0,2.0,6.0,11.0,2.0,1.0,3.0,3.0
CCCCCC(=O)OCC(=CC=CC(=CC=CC=C(C)C=CC=C(C)C(=O)CC12C(CC(CC1(O2)C)O)(C)C)C)C=C=C3C(CC(CC3(C)O)O)(C)C,0.5869565217391305,53.0,3.0,7.0,2.0,1.0,0.0,7.0,3.0,7.0,16.0,2.0,1.0,3.0,3.0
CC(=CCC1C(O1)(C)C2C(C(CCC23CO3)OC(=O)C=CC=CC=CC=CC(=O)O)OC)C,0.5384615384615384,33.0,1.0,7.0,1.0,2.0,0.0,6.0,1.0,7.0,10.0,1.0,2.0,3.0,3.0
C(C1C(C(C(C(O1)OCC2C(C(C(C(O2)O)O)O)OC3C(C(C(C(O3)CO)O)O)O)O)O)O)O,1.0,34.0,11.0,16.0,0.0,3.0,0.0,16.0,11.0,16.0,7.0,0.0,3.0,3.0,3.0
C1=CC=C(C=C1)C2=C(C(=O)C3=C(C=C(C=C3O2)O)O)O,0.0,20.0,3.0,5.0,0.0,0.0,2.0,5.0,3.0,5.0,1.0,0.0,0.0,0.0,3.0
CC(=CCN=C(N)N)C,0.5,9.0,4.0,3.0,0.0,0.0,0.0,1.0,2.0,3.0,2.0,0.0,0.0,0.0,0.0
CC1CC2CCC3C2(C(=C1)C(=O)O3)O,0.7272727272727273,14.0,1.0,3.0,2.0,1.0,0.0,3.0,1.0,3.0,0.0,1.0,1.0,2.0,3.0
C1=C(C=C(C(=C1O)O)O)C(=O)O,0.0,12.0,4.0,5.0,0.0,0.0,1.0,4.0,4.0,5.0,1.0,0.0,0.0,0.0,1.0
CC(=CCCC1(C=CC2=C(C3=C(C(=C2O1)CC=C(C)C)OC45C6CC(C=C4C3=O)C(=O)C5(OC6(C)C)CC=C(C)C(=O)O)O)C)C,0.5,46.0,2.0,8.0,3.0,3.0,1.0,7.0,2.0,8.0,8.0,1.0,1.0,2.0,7.0
COC(=O)C1=COC(C2C1CC=C2CO)O,0.5454545454545454,16.0,2.0,5.0,1.0,1.0,0.0,5.0,2.0,5.0,2.0,0.0,0.0,0.0,2.0
COC(=O)C1=COC(C2C1CC=C2CO)OC3C(C(C(C(O3)CO)O)O)O,0.7058823529411765,27.0,5.0,10.0,1.0,2.0,0.0,10.0,5.0,10.0,5.0,0.0,1.0,1.0,3.0
C1=CC(=CC=C1C2=COC3=CC(=CC(=C3C2=O)O)O)O,0.0,20.0,3.0,5.0,0.0,0.0,2.0,5.0,3.0,5.0,1.0,0.0,0.0,0.0,3.0
C1C2C3C(C(C(O2)OC(=O)C4=CC(=C(C(=C4)O)O)O)OC(=O)C5=CC(=C(C6=C5C7C(=CC(=O)C(C7(O)O)(O6)O)C(=O)O3)O)O)OC(=O)C8=CC(=C(C(=C8C9=C(C(=C(C=C9C(=O)O1)O)O)O)O)O)O,0.21951219512195122,68.0,14.0,27.0,1.0,4.0,4.0,27.0,14.0,27.0,2.0,0.0,1.0,1.0,9.0
CC(=CCCC(=CCO)C)C,0.6,11.0,1.0,1.0,0.0,0.0,0.0,1.0,1.0,1.0,4.0,0.0,0.0,0.0,0.0
CC1=CC2=C(C3=C1OC(C=C3)(C)C)NC4=CC=CC=C42,0.2222222222222222,20.0,1.0,2.0,0.0,1.0,2.0,1.0,1.0,2.0,0.0,0.0,0.0,0.0,4.0
CC1(C2CCC3(C(C2(CCC1OC4C(C(C(C(O4)C(=O)O)O)O)OC5C(C(C(C(O5)C(=O)O)O)O)O)C)C(=O)C=C6C3(CCC7(C6CC(CC7)(C)C(=O)O)C)C)C)C,0.8571428571428571,58.0,8.0,16.0,5.0,2.0,0.0,13.0,8.0,16.0,7.0,4.0,2.0,6.0,7.0
CC1=CC2=C(C(=C(C(=C2C(C)C)O)O)C=O)C(=C1C3=C(C4=C(C=C3C)C(=C(C(=C4C=O)O)O)C(C)C)O)O,0.26666666666666666,38.0,6.0,8.0,0.0,0.0,4.0,8.0,6.0,8.0,5.0,0.0,0.0,0.0,4.0
C1C(C(C(C(O1)OC2=C(OC3=CC(=CC(=C3C2=O)O)O)C4=CC(=C(C=C4)O)O)O)O)O,0.25,31.0,7.0,11.0,0.0,1.0,2.0,11.0,7.0,11.0,3.0,0.0,1.0,1.0,4.0
CC(=O)OC1CC(C2=CC(=O)OC3C2(C1C4(C(C3)C(C=CC4=O)(C)O)C)C)(C)C5C(CC(=O)O5)CO,0.7037037037037037,36.0,2.0,9.0,3.0,2.0,0.0,9.0,2.0,9.0,3.0,2.0,1.0,3.0,5.0
CC=C1C(=O)CC2C1(CCC3C2CCC4=CC(=O)CCC34C)C,0.7142857142857143,23.0,0.0,2.0,4.0,0.0,0.0,2.0,0.0,2.0,0.0,3.0,0.0,3.0,4.0
CCC(C)C(=O)OC1C(C2(C(CC1(C)C)C3=CCC4C5(CCC(C(C5CCC4(C3(CC2O)C)C)(C)CO)OC6C(C(C(C(O6)C(=O)O)O)OC7C(=O)C(C(C(O7)CO)O)O)O)C)CO)O,0.8936170212765957,65.0,10.0,18.0,5.0,2.0,0.0,17.0,10.0,18.0,11.0,4.0,2.0,6.0,7.0
"CC1=C(C(CC(C1)O)(C)C)C#CC(=CC=CC(=CC=CC=C(C)C=CC=C(C)C(=O)CC23C(CC(CC2(O3)C)O)(C)C)C)C",0.525,44.0,2.0,4.0,2.0,1.0,0.0,4.0,2.0,4.0,9.0,1.0,1.0,2.0,3.0
CC1(CC(C2(C1C(OC=C2)OC3C(C(C(C(O3)CO)O)O)O)O)O)OC(=O)C=CC4=CC=CC=C4,0.5416666666666666,35.0,6.0,11.0,1.0,2.0,1.0,11.0,6.0,11.0,6.0,1.0,1.0,2.0,4.0
CC1(CCC2(CCC3(C(=CCC4C3(CCC5C4(CCC(C5(C)CO)O)C)C)C2C1)C)C(=O)O)C,0.9,34.0,3.0,4.0,5.0,0.0,0.0,3.0,3.0,4.0,2.0,4.0,0.0,4.0,5.0
CC1CC2C(C(C3(C1C=CC3=O)C)O)C(=C)C(=O)O2,0.6,19.0,1.0,4.0,2.0,1.0,0.0,4.0,1.0,4.0,0.0,1.0,1.0,2.0,3.0
CCCCCCC=O,0.8571428571428571,8.0,0.0,1.0,0.0,0.0,0.0,1.0,0.0,1.0,5.0,0.0,0.0,0.0,0.0
CCCC=CC(=O)C,0.5714285714285714,8.0,0.0,1.0,0.0,0.0,0.0,1.0,0.0,1.0,3.0,0.0,0.0,0.0,0.0
CC(C)(C(COC1=C2C(=CC3=C1OC=C3)C=CC(=O)O2)O)O,0.3125,22.0,2.0,6.0,0.0,0.0,1.0,6.0,2.0,6.0,4.0,0.0,0.0,0.0,3.0
COC1=CC2=C(C=C1)C=CC(=O)O2,0.1,13.0,0.0,3.0,0.0,0.0,1.0,3.0,0.0,3.0,1.0,0.0,0.0,0.0,2.0
COC1=C(C=C(C=C1)C2CC(=O)C3=C(C=C(C=C3O2)O)O)O,0.1875,22.0,3.0,6.0,0.0,1.0,2.0,6.0,3.0,6.0,2.0,0.0,0.0,0.0,3.0
CC1C(C(C(C(O1)OCC2C(C(C(C(O2)OC3=CC(=C4C(=O)CC(OC4=C3)C5=CC(=C(C=C5)OC)O)O)O)O)O)O)O)O,0.5357142857142857,43.0,8.0,15.0,0.0,3.0,2.0,15.0,8.0,15.0,7.0,0.0,2.0,2.0,5.0
CC(C)(CCCC(CC(=O)OC)(C(=O)OC1C2C3=CC4=C(C=C3CCN5C2(CCC5)C=C1OC)OCO4)O)O,0.6551724137931034,39.0,2.0,10.0,1.0,3.0,1.0,10.0,2.0,10.0,9.0,0.0,1.0,1.0,5.0
C=CCC1=CC(=C(C=C1)O)C2=CC(=C(C=C2)O)CC=C,0.1111111111111111,20.0,2.0,2.0,0.0,0.0,2.0,2.0,2.0,2.0,5.0,0.0,0.0,0.0,2.0
C1=CC(=CC=C1C2C3C4=C5C(C(OC5=CC(=C4)O)C6=CC=C(C=C6)O)C7=C8C(C(OC8=CC(=O)C7=O)C9=CC=C(C=C9)O)C1=C3C(=CC(=C1)O)O2)O,0.14285714285714285,52.0,5.0,10.0,2.0,3.0,5.0,10.0,5.0,10.0,3.0,0.0,1.0,1.0,10.0
CC1CC(CC(O1)CCC(C)C(C(C)C2C(C(CC(C(C(CC3CC=CC(O3)CC(CC=C(C(=O)OC(C(C(CC(C(C(CC4CC=CC(O4)CC(CC=C(C=CC(=O)O2)C)O)OC)C)O)O)C)C(C)C(C(C)CCC5CC(CC(O5)C)OC)O)C)O)OC)C)O)O)C)O)OC,0.8421052631578947,96.0,8.0,20.0,0.0,5.0,0.0,20.0,8.0,20.0,16.0,0.0,2.0,2.0,5.0
COC1=C(C=CC(=C1)C2C(OC3=C(O2)C=CC(=C3)C4=CC(=O)C5=C(C=C(C=C5O4)O)O)CO)O,0.16,34.0,4.0,9.0,0.0,1.0,3.0,9.0,4.0,9.0,4.0,0.0,0.0,0.0,5.0
CN1CCC2=CC3=C(C=C2C1C4C5=C(C(=C(C=C5)OC)OC)C(=O)O4)OCO3,0.38095238095238093,28.0,0.0,7.0,0.0,3.0,2.0,7.0,0.0,7.0,3.0,0.0,0.0,0.0,5.0
CN1CCC2=CC3=C(C=C2C1O)OCO3,0.45454545454545453,15.0,1.0,4.0,0.0,2.0,1.0,4.0,1.0,4.0,0.0,0.0,0.0,0.0,3.0
CC(C)C(=O)C12C(=O)C(=C(C(C1=O)(CC(C2(C)CCC=C(C)C)CC=C(C)C)CC=C(C)C)O)CC=C(C)C,0.6285714285714286,39.0,1.0,4.0,2.0,0.0,0.0,4.0,1.0,4.0,11.0,1.0,0.0,1.0,2.0
C=C1CC1CC(C(=O)O)N,0.5714285714285714,10.0,3.0,3.0,1.0,0.0,0.0,2.0,2.0,3.0,3.0,1.0,0.0,1.0,1.0
C=C1CC1CC(C(=O)O)NC(=O)CCC(C(=O)O)N,0.5833333333333334,19.0,5.0,7.0,1.0,0.0,0.0,4.0,4.0,7.0,8.0,1.0,0.0,1.0,1.0
CC1CCC2C(C3CCC4C(C3CN2C1)CC5C4CC(=O)C6C5(CCC(C6)O)C)(C)O,0.9629629629629629,31.0,2.0,4.0,4.0,2.0,0.0,4.0,2.0,4.0,0.0,4.0,2.0,6.0,6.0
C1=CC=C2C(=C1)C(=C(N2)O)C3=NC4=CC=CC=C4C3=O,0.0,20.0,2.0,4.0,0.0,1.0,2.0,3.0,2.0,4.0,1.0,0.0,0.0,0.0,4.0
C1=CC=C2C(=C1)C(=CN2)CO,0.1111111111111111,11.0,2.0,2.0,0.0,0.0,1.0,1.0,2.0,2.0,1.0,0.0,0.0,0.0,2.0
CC=C(C)C(=O)OC1C(=CC23C1(C(C(=CC(C2=O)C4C(C4(C)C)CC3C)CO)O)O)C,0.68,31.0,3.0,6.0,4.0,0.0,0.0,6.0,3.0,6.0,3.0,2.0,0.0,2.0,4.0
CC1CCCC(=CC2C(CC1)C(=C)C(=O)O2)C,0.6666666666666666,17.0,0.0,2.0,1.0,1.0,0.0,2.0,0.0,2.0,0.0,0.0,1.0,1.0,2.0
C1=CC(=C(C=C1C2=C(C(=O)C3=C(C=C(C=C3O2)O)O)OC4C(C(C(C(O4)CO)O)O)O)O)O,0.2857142857142857,33.0,8.0,12.0,0.0,1.0,2.0,12.0,8.0,12.0,4.0,0.0,1.0,1.0,4.0
COC1=C(C=CC(=C1)C2=C(C(=O)C3=C(C=C(C=C3O2)O)O)O)O,0.0625,23.0,4.0,7.0,0.0,0.0,2.0,7.0,4.0,7.0,2.0,0.0,0.0,0.0,3.0
C1=CC(=CC=C1C2=CC(=O)C3=C(O2)C=C(C(=C3O)C4C(C(C(C(O4)CO)O)O)O)O)O,0.2857142857142857,31.0,7.0,10.0,0.0,1.0,2.0,10.0,7.0,10.0,3.0,0.0,1.0,1.0,4.0
COC1=C(C2=C[N+]3=C(C=C2C=C1)C4=CC(=C(C=C4CC3)O)OC)OC,0.25,25.0,1.0,5.0,0.0,1.0,2.0,4.0,1.0,5.0,3.0,0.0,0.0,0.0,4.0
C1=CC(=CC=C1C2=C(C(=O)C3=C(C=C(C=C3O2)O)O)O)O,0.0,21.0,4.0,6.0,0.0,0.0,2.0,6.0,4.0,6.0,1.0,0.0,0.0,0.0,3.0
CC12CCCC(C1CCC34C2CCC(C3)C(=C)C4)(C)C(=O)O,0.85,22.0,1.0,2.0,4.0,0.0,0.0,1.0,1.0,2.0,1.0,4.0,0.0,4.0,4.0
CC1C(C(C(C(O1)OCC2C(C(C(C(O2)OC3=CC4=C(C=C(C=C4[O+]=C3C5=CC(=C(C=C5)O)O)O)O)O)O)O)O)O)O.[Cl-],0.4444444444444444,43.0,10.0,15.0,0.0,2.0,2.0,14.0,10.0,16.0,6.0,0.0,2.0,2.0,5.0
COC1=C(C=C(C=C1)C2C(C(=O)C3=C(C=C(C(=C3O2)C4C(OC5=CC(=CC(=C5C4=O)O)O)C6=CC=C(C=C6)O)O)O)O)O,0.16129032258064516,43.0,7.0,12.0,0.0,2.0,4.0,12.0,7.0,12.0,4.0,0.0,0.0,0.0,6.0
C1C(C(C([S+]1CC(C(C(C(C(CO)O)O)O)OS(=O)(=O)[O-])O)CO)O)O,1.0,26.0,8.0,12.0,0.0,1.0,0.0,12.0,8.0,14.0,10.0,0.0,1.0,1.0,1.0
C1=CN=C(N=C1CC(C(=O)O)N)N,0.2857142857142857,13.0,5.0,6.0,0.0,0.0,0.0,5.0,3.0,6.0,3.0,0.0,0.0,0.0,1.0
CC1CCC2CC(CC(O2)(C3CSC(=O)N3)O)OC(=O)C=C(CCC=C1)C,0.7,27.0,2.0,6.0,0.0,3.0,0.0,6.0,2.0,7.0,1.0,0.0,2.0,2.0,3.0
CC1CCC2CC(CC(O2)(C3CSC(=O)N3)O)OC(=O)C=C(CCC=CC=C1)C,0.6363636363636364,29.0,2.0,6.0,0.0,3.0,0.0,6.0,2.0,7.0,1.0,0.0,2.0,2.0,3.0
COC1=C(C2=C(CC3C4=CC5=C(C=C4CCN3C2)OCO5)C=C1)OC,0.4,25.0,0.0,5.0,0.0,3.0,2.0,5.0,0.0,5.0,2.0,0.0,0.0,0.0,5.0
CC1=CCC(CC1O)C(=C)C,0.6,11.0,1.0,1.0,1.0,0.0,0.0,1.0,1.0,1.0,1.0,0.0,0.0,0.0,1.0
CC1=CCC(CC1=O)C(=C)C,0.5,11.0,0.0,1.0,1.0,0.0,0.0,1.0,0.0,1.0,1.0,0.0,0.0,0.0,1.0
CC(C(C1=CC=CC=C1)O)NC,0.4,12.0,2.0,2.0,0.0,0.0,1.0,2.0,2.0,2.0,3.0,0.0,0.0,0.0,1.0
CC1=CC=NC2=CC=CC=C12,0.1,11.0,0.0,1.0,0.0,0.0,1.0,1.0,0.0,1.0,0.0,0.0,0.0,0.0,2.0
C1=C(C=C(C(=C1O)O)O)C2C(C(C3=C(C=C(C=C3O2)O)O)O)O,0.2,23.0,7.0,8.0,0.0,1.0,2.0,8.0,7.0,8.0,1.0,0.0,0.0,0.0,3.0
C1=CC(=CC=C1C2C(C(C3=C(C=C(C=C3O2)O)O)O)O)O,0.2,21.0,5.0,6.0,0.0,1.0,2.0,6.0,5.0,6.0,1.0,0.0,0.0,0.0,3.0
CC(=CCCC(C)(C=C)O)C,0.6,11.0,1.0,1.0,0.0,0.0,0.0,1.0,1.0,1.0,4.0,0.0,0.0,0.0,0.0
CCCCCC=CCC=CCCCCCCCC(=O)O,0.7222222222222222,20.0,1.0,2.0,0.0,0.0,0.0,1.0,1.0,2.0,14.0,0.0,0.0,0.0,0.0
C1=CC(=C(C=C1CC(C(=O)O)OC(=O)C=CC2=C3C(C(OC3=C(C=C2)O)C4=CC(=CC(=C4)O)O)C(=O)OC(CC5=CC(=C(C=C5)O)O)C(=O)O)O)O,0.16666666666666666,52.0,9.0,16.0,0.0,1.0,4.0,14.0,9.0,16.0,12.0,0.0,0.0,0.0,5.0
CC1C(C(C2C3(C1C(=O)OC3C(C4C2(C(C(=O)C=C4C)O)C)O)C)O)O,0.7894736842105263,26.0,4.0,7.0,3.0,1.0,0.0,7.0,4.0,7.0,0.0,2.0,1.0,3.0,4.0
COC1=C(C2=C(C=C1)C(C3C4=CC5=C(C=C4CCN3C2)OCO5)O)OC,0.4,26.0,1.0,6.0,0.0,3.0,2.0,6.0,1.0,6.0,2.0,0.0,0.0,0.0,5.0
C1CCN2CC3CC(C2C1)CN4C3CCCC4=O,0.9333333333333333,18.0,0.0,3.0,0.0,4.0,0.0,2.0,0.0,3.0,0.0,0.0,4.0,4.0,4.0
CC(=C)C1CCC2(C1C3CCC4C5(CCC(C(C5CCC4(C3(CC2)C)C)(C)C)O)C)C,0.9333333333333333,31.0,1.0,1.0,5.0,0.0,0.0,1.0,1.0,1.0,1.0,5.0,0.0,5.0,5.0
CC1=C(C(CC(C1)O)(C)C)C=CC(=CC=CC(=CC=CC=C(C)C=CC=C(C)C=CC2C(=CC(CC2(C)C)O)C)C)C,0.45,42.0,2.0,2.0,2.0,0.0,0.0,2.0,2.0,2.0,10.0,0.0,0.0,0.0,2.0
C1=CC(=C(C=C1C2=CC(=O)C3=C(C=C(C=C3O2)O)O)O)O,0.0,21.0,4.0,6.0,0.0,0.0,2.0,6.0,4.0,6.0,1.0,0.0,0.0,0.0,3.0
CC(=CCCC(=CC=CC(=CC=CC(=CC=CC=C(C)C=CC=C(C)C=CC=C(C)CCC=C(C)C)C)C)C)C,0.35,40.0,0.0,0.0,0.0,0.0,0.0,0.0,0.0,0.0,16.0,0.0,0.0,0.0,0.0
C1CN2CC3=CC4=C(C=C3C5C2C1=CC(C5O)O)OCO4,0.5,21.0,2.0,5.0,1.0,3.0,1.0,5.0,2.0,5.0,0.0,0.0,1.0,1.0,5.0
CC1CCC2(CCC3(C(=CCC4C3(CC(C5C4(CC(C(C5(C)CO)O)O)C)O)C)C2C1C)C)C(=O)OC6C(C(C(C(O6)COC7C(C(C(C(O7)CO)OC8C(C(C(C(O8)C)O)O)O)O)O)O)O)O,0.9375,68.0,13.0,20.0,5.0,3.0,0.0,20.0,13.0,20.0,9.0,4.0,3.0,7.0,8.0
COC1=CC(=CC(=C1O)OC)C2=[O+]C3=CC(=CC(=C3C=C2O)O)O,0.11764705882352941,24.0,4.0,7.0,0.0,0.0,2.0,6.0,4.0,7.0,3.0,0.0,0.0,0.0,3.0
COC1=CC2=C(C=CC(=C2O)C=O)C(=C1)OC,0.15384615384615385,17.0,1.0,4.0,0.0,0.0,2.0,4.0,1.0,4.0,3.0,0.0,0.0,0.0,2.0
CC(CC1=CC(=C(C=C1)O)O)C(C)CC2=CC(=C(C=C2)O)O,0.3333333333333333,22.0,4.0,4.0,0.0,0.0,2.0,4.0,4.0,4.0,5.0,0.0,0.0,0.0,2.0
CC1=CC(=CC=C1)C(C)C,0.4,10.0,0.0,0.0,0.0,0.0,1.0,0.0,0.0,0.0,1.0,0.0,0.0,0.0,1.0
CC(=O)NCCC1=CNC2=C1C=C(C=C2)OC,0.3076923076923077,17.0,2.0,4.0,0.0,0.0,1.0,2.0,2.0,4.0,4.0,0.0,0.0,0.0,2.0
CN=C=S,0.5,4.0,0.0,1.0,0.0,0.0,0.0,2.0,0.0,2.0,0.0,0.0,0.0,0.0,0.0
C=C1CC1C(C(=O)O)N,0.5,9.0,3.0,3.0,1.0,0.0,0.0,2.0,2.0,3.0,2.0,1.0,0.0,1.0,1.0
COC1=C(C2=C(C=C1)OC3=CC(=CC(=C3C2=O)O)OC)O,0.13333333333333333,21.0,2.0,6.0,0.0,0.0,2.0,6.0,2.0,6.0,2.0,0.0,0.0,0.0,3.0
CC1(C=CC2=C(O1)C3=CC=CC=C3C(=C2C(=O)OC)O)C,0.23529411764705882,21.0,1.0,4.0,0.0,1.0,2.0,4.0,1.0,4.0,1.0,0.0,0.0,0.0,3.0
CC1(CCC2(CCC3(C(=CCC4C3(CCC5C4(CCC(C5(C)C)OC6C(C(C(C(O6)C(=O)O)O)OC7C(C(C(CO7)O)O)O)O)C)C)C2C1)C)C(=O)O)C,0.9024390243902439,54.0,7.0,13.0,5.0,2.0,0.0,11.0,7.0,13.0,6.0,4.0,2.0,6.0,7.0
CC1C(C(C(C(O1)OCC2C(C(C(C(O2)OC3=C(OC4=CC(=CC(=C4C3=O)O)OCCO)C5=CC(=C(C=C5)O)O)O)O)O)O)O)O,0.4827586206896552,46.0,10.0,17.0,0.0,2.0,2.0,17.0,10.0,17.0,9.0,0.0,2.0,2.0,5.0
CC(=CCCC(=C)C=C)C,0.4,10.0,0.0,0.0,0.0,0.0,0.0,0.0,0.0,0.0,4.0,0.0,0.0,0.0,0.0
C1=C(C=C(C(=C1O)O)O)C2=C(C(=O)C3=C(C=C(C=C3O2)O)O)O,0.0,23.0,6.0,8.0,0.0,0.0,2.0,8.0,6.0,8.0,1.0,0.0,0.0,0.0,3.0
CC1C(C(C(C(O1)OC2=C(OC3=CC(=CC(=C3C2=O)O)O)C4=CC(=C(C(=C4)O)O)O)O)O)O,0.2857142857142857,33.0,8.0,12.0,0.0,1.0,2.0,12.0,8.0,12.0,3.0,0.0,1.0,1.0,4.0
CCCCCC(=O)CCCCCCC=CCC(C(C(CO)(C(=O)O)N)O)O,0.8,27.0,6.0,7.0,0.0,0.0,0.0,6.0,5.0,7.0,17.0,0.0,0.0,0.0,0.0
CCCCCCCCCCCCCC(=O)O,0.9285714285714286,16.0,1.0,2.0,0.0,0.0,0.0,1.0,1.0,2.0,12.0,0.0,0.0,0.0,0.0
CC(C)C(C1=C(C(=C(C(=C1O)C(=O)C(C)C)O)C(C2=C(C(C(=O)C(C2=O)(C)C)(C)C)O)C(C)C)O)C3=C(C(C(=O)C(C3=O)(C)C)(C)C)O,0.6052631578947368,48.0,5.0,10.0,2.0,0.0,1.0,10.0,5.0,10.0,8.0,0.0,0.0,0.0,3.0
C1C(OC2=CC(=CC(=C2C1=O)O)O)C3=CC=C(C=C3)O,0.13333333333333333,20.0,3.0,5.0,0.0,1.0,2.0,5.0,3.0,5.0,1.0,0.0,0.0,0.0,3.0
CC1C(C(C(C(O1)OC2C(C(C(OC2OC3=CC(=C4C(=O)CC(OC4=C3)C5=CC=C(C=C5)O)O)CO)O)O)O)O)O,0.5185185185185185,41.0,8.0,14.0,0.0,3.0,2.0,14.0,8.0,14.0,6.0,0.0,2.0,2.0,5.0
CC(=CC=CC=C(C)C=CC=C(C)C=C=C1C(CC(CC1(C)O)O)(C)C)C=CC=C(C)C=CC23C(CC(CC2(O3)C)O)(C)C,0.525,44.0,3.0,4.0,2.0,1.0,0.0,4.0,3.0,4.0,9.0,2.0,1.0,3.0,3.0
C1=CC(=CN=C1)C(=O)O,0.0,9.0,1.0,3.0,0.0,0.0,0.0,2.0,1.0,3.0,1.0,0.0,0.0,0.0,1.0
CCCCCCCCCCCCCCCCCCCCCCCCCCCCO,1.0,29.0,1.0,1.0,0.0,0.0,0.0,1.0,1.0,1.0,26.0,0.0,0.0,0.0,0.0
COC1=CC(=CC(=C1O)OC)C2=[O+]C3=CC(=CC(=C3C=C2OC4C(C(C(C(O4)CO)O)O)O)O)O,0.34782608695652173,35.0,7.0,12.0,0.0,1.0,2.0,11.0,7.0,12.0,6.0,0.0,1.0,1.0,4.0
CC1(CCC2(CCC3(C(=CCC4C3(CCC5C4(CCC(C5(C)C)O)C)C)C2C1)C)C(=O)O)C,0.9,33.0,2.0,3.0,5.0,0.0,0.0,2.0,2.0,3.0,1.0,4.0,0.0,4.0,5.0
CC(=C)C1=CC2=C(O1)C=CC3=C2OC(=O)C=C3,0.07142857142857142,17.0,0.0,3.0,0.0,0.0,1.0,3.0,0.0,3.0,1.0,0.0,0.0,0.0,3.0
CC(=CCC1=C(C=CC2=C1OC(=O)C=C2)O)C,0.21428571428571427,17.0,1.0,3.0,0.0,0.0,1.0,3.0,1.0,3.0,2.0,0.0,0.0,0.0,2.0
COC1=CC(=C2C(=C1)OC(=C(C2=O)OC)C3=CC(=C(C=C3O)OC)O)O,0.16666666666666666,26.0,3.0,8.0,0.0,0.0,2.0,8.0,3.0,8.0,4.0,0.0,0.0,0.0,3.0
C1=CC(=CC=C1C=CC(=O)O)O,0.0,12.0,2.0,3.0,0.0,0.0,1.0,2.0,2.0,3.0,2.0,0.0,0.0,0.0,1.0
COC1=C(C2=C[N+]3=C(C=C2C=C1)C4=CC(=C(C=C4CC3)OC)OC)OC,0.2857142857142857,26.0,0.0,5.0,0.0,1.0,2.0,4.0,0.0,5.0,4.0,0.0,0.0,0.0,4.0
CCCCCCCCCCCCCCCC(=O)O,0.9375,18.0,1.0,2.0,0.0,0.0,0.0,1.0,1.0,2.0,14.0,0.0,0.0,0.0,0.0
COC1=C(C=C(C=C1)CC2=NC=CC3=CC(=C(C=C32)OC)OC)OC,0.25,25.0,0.0,5.0,0.0,0.0,2.0,5.0,0.0,5.0,6.0,0.0,0.0,0.0,3.0
CC1=CCCC2(C(O2)C3C(CC1)C(=C)C(=O)O3)C,0.6666666666666666,18.0,0.0,3.0,1.0,2.0,0.0,3.0,0.0,3.0,0.0,0.0,2.0,2.0,3.0
C1=CC(=CC=C1C2=[O+]C3=CC(=CC(=C3C=C2O)O)O)O,0.0,20.0,4.0,5.0,0.0,0.0,2.0,4.0,4.0,5.0,1.0,0.0,0.0,0.0,3.0
COC1=C(C=CC(=C1)C2=[O+]C3=CC(=CC(=C3C=C2O)O)O)O,0.0625,22.0,4.0,6.0,0.0,0.0,2.0,5.0,4.0,6.0,2.0,0.0,0.0,0.0,3.0
CC(=C)C1CCC(=CC1)C=O,0.5,11.0,0.0,1.0,1.0,0.0,0.0,1.0,0.0,1.0,2.0,0.0,0.0,0.0,1.0
CC1=CC2=C(C(=C1)O)C(=O)C3=C(C2=O)C(=C(C(=C3)C)C4CC(C5=C(C4O)C(=O)C6=C(C5=O)C(CCC6O)O)O)O,0.3333333333333333,40.0,6.0,10.0,4.0,0.0,2.0,10.0,6.0,10.0,1.0,0.0,0.0,0.0,6.0
CC1C(C(C(C(O1)OC(=O)C2=CC=CC3=NC4=C(C=CC=C4N=C32)CC=C(C)C)O)O)O,0.375,32.0,3.0,8.0,0.0,1.0,2.0,8.0,3.0,8.0,4.0,0.0,1.0,1.0,4.0
CC(C)(C=C)C1=C(N=CN1)C=C2C(=O)NC(C(=O)N2)CC3=CC=CC=C3,0.25,26.0,3.0,6.0,0.0,1.0,1.0,3.0,3.0,6.0,5.0,0.0,1.0,1.0,3.0
C1=CC=C(C=C1)CCN=C=S,0.2222222222222222,11.0,0.0,1.0,0.0,0.0,1.0,2.0,0.0,2.0,3.0,0.0,0.0,0.0,1.0
C1=CC(=CC=C1CCC(=O)C2=C(C=C(C=C2O)O)O)O,0.13333333333333333,20.0,4.0,5.0,0.0,0.0,2.0,5.0,4.0,5.0,4.0,0.0,0.0,0.0,2.0
C1=CC(=CC=C1CCC(=O)C2=C(C=C(C=C2OC3C(C(C(C(O3)CO)O)O)O)O)O)O,0.38095238095238093,31.0,7.0,10.0,0.0,1.0,2.0,10.0,7.0,10.0,7.0,0.0,1.0,1.0,3.0
C1=CC(=C(C=C1C=CC2=CC(=CC(=C2)O)O)O)O,0.0,18.0,4.0,4.0,0.0,0.0,2.0,4.0,4.0,4.0,2.0,0.0,0.0,0.0,2.0
COC1C(C(C(C(C1O)O)O)O)O,1.0,13.0,5.0,6.0,1.0,0.0,0.0,6.0,5.0,6.0,1.0,1.0,0.0,1.0,1.0
C1CCN(CC1)C(=O)C=CC=CC2=CC3=C(C=C2)OCO3,0.35294117647058826,21.0,0.0,4.0,0.0,2.0,1.0,3.0,0.0,4.0,3.0,0.0,1.0,1.0,3.0
C1=CC(=CC=C1C2=CC(=O)C3=C(C(=C(C=C3O2)OC4C(C(C(C(O4)CO)O)O)O)O)O)O,0.2857142857142857,32.0,7.0,11.0,0.0,1.0,2.0,11.0,7.0,11.0,4.0,0.0,1.0,1.0,4.0
CC1=CC(=O)C2=C(C1=O)C=CC=C2O,0.09090909090909091,14.0,1.0,3.0,1.0,0.0,1.0,3.0,1.0,3.0,0.0,0.0,0.0,0.0,2.0
COC1=CC(=CC(=C1OC)OC)C2C3C(COC3=O)C(C4=CC5=C(C=C24)OCO5)O,0.4090909090909091,30.0,1.0,8.0,1.0,2.0,2.0,8.0,1.0,8.0,4.0,0.0,1.0,1.0,5.0
CC1=C(C(=O)C=C2C1=CC=C3C2(CCC4(C3(CCC5(C4CC(CC5)(C)C(=O)OC)C)C)C)C)O,0.6666666666666666,34.0,1.0,4.0,5.0,0.0,0.0,4.0,1.0,4.0,1.0,3.0,0.0,3.0,5.0
C1=CC(=C(C(=C1)O)O)C(=O)O,0.0,11.0,3.0,4.0,0.0,0.0,1.0,3.0,3.0,4.0,1.0,0.0,0.0,0.0,1.0
CN1CCC2=CC3=C(C=C2C(=O)CC4=C(C1)C5=C(C=C4)OCO5)OCO3,0.35,26.0,0.0,6.0,0.0,3.0,2.0,6.0,0.0,6.0,0.0,0.0,0.0,0.0,5.0
C1=CC(=C(C=C1C2=C(C(=O)C3=C(O2)C=C(C(=C3O)O)O)O)O)O,0.0,23.0,6.0,8.0,0.0,0.0,2.0,8.0,6.0,8.0,1.0,0.0,0.0,0.0,3.0
C1=CC(=C(C=C1C2=C(C(=O)C3=C(C=C(C=C3O2)O)O)O)O)O,0.0,22.0,5.0,7.0,0.0,0.0,2.0,7.0,5.0,7.0,1.0,0.0,0.0,0.0,3.0
C1=CC(=C(C=C1C2=C(C(=O)C3=C(C=C(C=C3O2)OC4C(C(C(C(O4)CO)O)O)O)O)O)O)O,0.2857142857142857,33.0,8.0,12.0,0.0,1.0,2.0,12.0,8.0,12.0,4.0,0.0,1.0,1.0,4.0
CC1C(C(C(C(O1)OC2=C(OC3=CC(=CC(=C3C2=O)O)O)C4=CC(=C(C=C4)O)O)O)O)O,0.2857142857142857,32.0,7.0,11.0,0.0,1.0,2.0,11.0,7.0,11.0,3.0,0.0,1.0,1.0,4.0
C1=CC(=CC=C1C=CC2=CC(=CC(=C2)O)O)O,0.0,17.0,3.0,3.0,0.0,0.0,2.0,3.0,3.0,3.0,2.0,0.0,0.0,0.0,2.0
COC1=CC(=C2C(=C1)OC(=C(C2=O)O)C3=CC(=C(C=C3)O)O)O,0.0625,23.0,4.0,7.0,0.0,0.0,2.0,7.0,4.0,7.0,2.0,0.0,0.0,0.0,3.0
CC1C=CC2C(O2)(C(CC(OC(=O)C3C(O3)CC4CC1OC(=O)C4)C(C)C(C(=CC=CC(=CC5=COC(=N5)C)C)C)OC)O)C,0.6285714285714286,45.0,1.0,10.0,0.0,4.0,0.0,10.0,1.0,10.0,7.0,0.0,3.0,3.0,5.0
CC1=CC(=O)CC(C1=CC=C(C)C=CC=C(C)C=CC=CC(=CC=CC(=CC=C2C(=CC(=O)CC2(C)C)C)C)C)(C)C,0.35,42.0,0.0,2.0,2.0,0.0,0.0,2.0,0.0,2.0,9.0,0.0,0.0,0.0,2.0
CC1=CC(=O)C2=C(O1)C(=C(C=C2O)O)C3CCN(CC3O)C,0.4375,22.0,3.0,6.0,0.0,1.0,1.0,6.0,3.0,6.0,1.0,0.0,1.0,1.0,3.0
CC1=CC(=O)CC(C1(C=CC(C)OC2C(C(C(C(O2)CO)O)O)O)O)(C)C,0.7368421052631579,27.0,5.0,8.0,1.0,1.0,0.0,8.0,5.0,8.0,5.0,0.0,1.0,1.0,2.0
CCC(C)C=C(C)C=CC1=CC2=C(C(=O)C3(C(=C(C(=O)O3)C(=O)C)C2=CO1)C)Cl,0.34782608695652173,29.0,0.0,5.0,1.0,2.0,0.0,5.0,0.0,6.0,5.0,0.0,0.0,0.0,3.0
CC1C(C(C(C(O1)OCC2C(C(C(C(O2)OC3=C(OC4=CC(=CC(=C4C3=O)O)O)C5=CC(=C(C=C5)O)O)O)O)O)O)O)O,0.4444444444444444,43.0,10.0,16.0,0.0,2.0,2.0,16.0,10.0,16.0,6.0,0.0,2.0,2.0,5.0
C[N+]1=C2C(=C3C=CC4=C(C3=C1)OCO4)C=CC5=CC6=C(C=C52)OCO6.[N+](=O)([O-])[O-],0.15,29.0,0.0,9.0,0.0,2.0,3.0,7.0,0.0,9.0,0.0,0.0,0.0,0.0,6.0
COC1=C(C=C2C(=C1)C=CC(=O)O2)OC,0.18181818181818182,15.0,0.0,4.0,0.0,0.0,1.0,4.0,0.0,4.0,2.0,0.0,0.0,0.0,2.0
COC1=C(C=C2C(=C1)C=CC(=O)O2)O,0.1,14.0,1.0,4.0,0.0,0.0,1.0,4.0,1.0,4.0,1.0,0.0,0.0,0.0,2.0
C1=CC(=CC=C1C2=CC(=O)C3=C(O2)C=C(C(=C3O)O)O)O,0.0,21.0,4.0,6.0,0.0,0.0,2.0,6.0,4.0,6.0,1.0,0.0,0.0,0.0,3.0
CC(=O)C(C)(C)CNC(=O)C=CC=CC1=CC2=C(C=C1)OCO2,0.3333333333333333,23.0,1.0,5.0,0.0,1.0,1.0,4.0,1.0,5.0,6.0,0.0,0.0,0.0,2.0
C1C2C(COC2C3=CC4=C(C=C3)OCO4)C(O1)C5=CC6=C(C=C5)OCO6,0.4,26.0,0.0,6.0,0.0,4.0,2.0,6.0,0.0,6.0,2.0,0.0,2.0,2.0,6.0
C1C(C(C(C=C1C(=O)O)O)O)O,0.5714285714285714,12.0,4.0,5.0,1.0,0.0,0.0,4.0,4.0,5.0,1.0,0.0,0.0,0.0,1.0
CC(=CCC(C1=CC(=O)C2=C(C=CC(=C2C1=O)O)O)O)C,0.25,21.0,3.0,5.0,1.0,0.0,1.0,5.0,3.0,5.0,3.0,0.0,0.0,0.0,2.0
CC1=C(C(CC(C1)O)(C)C)CC(=O)C(=CC=CC(=CC=CC=C(C)C=CC=C(C)C=CC2C(=CC(CC2(C)C)O)C)C)CO,0.475,44.0,3.0,4.0,2.0,0.0,0.0,4.0,3.0,4.0,12.0,0.0,0.0,0.0,2.0
CC1CCC2C1CC3(C4CC2(C3(C(=C4)C(C)C)C(=O)[O-])C=O)COC5C(C(C(C(O5)C)OC)O)O.[Na+],0.8518518518518519,36.0,2.0,8.0,4.0,1.0,0.0,8.0,2.0,9.0,7.0,3.0,1.0,4.0,5.0
CCC(C=CC(C)C1CCC2C1(CCC3C2CC=C4C3(CCC(C4)O)C)C)C(C)C,0.8620689655172413,30.0,1.0,1.0,4.0,0.0,0.0,1.0,1.0,1.0,5.0,3.0,0.0,3.0,4.0
CC12CCC3C(C1(CCC2C4=CC(=O)OC4)O)CCC5(C3(CCC(C5)O)C=O)O,0.8260869565217391,29.0,3.0,6.0,4.0,1.0,0.0,6.0,3.0,6.0,2.0,4.0,0.0,4.0,5.0
C1CN2CC3=C(CC2C4=CC5=C(C=C41)OCO5)C=CC6=C3OCO6,0.3684210526315789,24.0,0.0,5.0,0.0,4.0,2.0,5.0,0.0,5.0,0.0,0.0,0.0,0.0,6.0
C=CC1C2CCOC(=O)C2=COC1OC3C(C(C(C(O3)CO)O)O)O,0.6875,25.0,4.0,9.0,0.0,3.0,0.0,9.0,4.0,9.0,4.0,0.0,2.0,2.0,3.0
CC1CC(CC(O1)CCC(C)C(C(C)C2C(C(CC(C(C(CC3CC=CC(O3)CC(CC=C(C=CC(=O)OC(C(C(CC(C(C(CC4CC=CC(O4)CC(CC=C(C=CC(=O)O2)C)O)OC)C)O)O)C)C(C)C(C(C)CCC5CC(CC(O5)C)OC)O)C)O)OC)C)O)O)C)O)O,0.8181818181818182,97.0,9.0,20.0,0.0,5.0,0.0,20.0,9.0,20.0,15.0,0.0,2.0,2.0,5.0
C(C(C(=O)O)O)(C(=O)O)O,0.5,10.0,4.0,6.0,0.0,0.0,0.0,4.0,4.0,6.0,3.0,0.0,0.0,0.0,0.0
C1=CC(=C(C=C1C2C(C(=O)C3=C(C=C(C=C3O2)O)O)O)O)O,0.13333333333333333,22.0,5.0,7.0,0.0,1.0,2.0,7.0,5.0,7.0,1.0,0.0,0.0,0.0,3.0
CC1=C2C(C(=O)C3(C(CC4C(C3C(C(C2(C)C)(CC1OC(=O)C(C(C5=CC=CC=C5)NC(=O)C6=CC=CC=C6)O)O)OC(=O)C7=CC=CC=C7)(CO4)OC(=O)C)O)C)OC(=O)C,0.44680851063829785,62.0,4.0,15.0,3.0,1.0,3.0,14.0,4.0,15.0,10.0,2.0,1.0,3.0,7.0
C(=C(Cl)Cl)(Cl)Cl,0.0,6.0,0.0,0.0,0.0,0.0,0.0,0.0,0.0,4.0,0.0,0.0,0.0,0.0,0.0
COC1=C(C=C(C=C1)C2=C(C(=O)C3=C(C=C(C=C3O2)OC)[O-])OC)OC,0.21052631578947367,26.0,0.0,7.0,0.0,0.0,2.0,7.0,0.0,7.0,5.0,0.0,0.0,0.0,3.0
CC1=CC(=C(C=C1)C(C)C)O,0.4,11.0,1.0,1.0,0.0,0.0,1.0,1.0,1.0,1.0,1.0,0.0,0.0,0.0,1.0
CC1=CC(=O)C(=CC1=O)C(C)C,0.4,12.0,0.0,2.0,1.0,0.0,0.0,2.0,0.0,2.0,1.0,0.0,0.0,0.0,1.0
CCC1(C2=C(COC1=O)C(=O)N3CC4=CC5=C(C=CC(=C5CN(C)C)O)N=C4C3=C2)O,0.34782608695652173,31.0,2.0,8.0,0.0,2.0,1.0,8.0,2.0,8.0,3.0,0.0,0.0,0.0,5.0
CC(C)C12C(O1)C3C4(O3)C5(CCC6=C(C5CC7C4(C2O)O7)COC6=O)C,0.85,26.0,1.0,6.0,3.0,4.0,0.0,6.0,1.0,6.0,1.0,2.0,3.0,5.0,7.0
C1=CC(=CC=C1CCO)O,0.25,10.0,2.0,2.0,0.0,0.0,1.0,2.0,2.0,2.0,2.0,0.0,0.0,0.0,1.0
C12=C(NC(=O)N1)NC(=O)NC2=O,0.0,12.0,4.0,7.0,0.0,0.0,0.0,3.0,4.0,7.0,0.0,0.0,0.0,0.0,2.0
CC1CCC2(CCC3(C(=CCC4C3(CCC5C4(CCC(C5(C)C)O)C)C)C2C1C)C)C(=O)O,0.9,33.0,2.0,3.0,5.0,0.0,0.0,2.0,2.0,3.0,1.0,4.0,0.0,4.0,5.0
CC1CCC2(CCC3(C(=CCC4C3(CCC5C4(CCC(=O)C5(C)C)C)C)C2C1C)C)C(=O)O,0.8666666666666667,33.0,1.0,3.0,5.0,0.0,0.0,2.0,1.0,3.0,1.0,4.0,0.0,4.0,5.0
CCC1(CC2CC(C3=C(CCN(C2)C1)C4=CC=CC=C4N3)(C5=C(C=C6C(=C5)C78CCN9C7C(C=CC9)(C(C(C8N6C)(C(=O)OC)O)OC(=O)C)CC)OC)C(=O)OC)O,0.5869565217391305,59.0,3.0,13.0,1.0,5.0,2.0,12.0,3.0,13.0,7.0,1.0,2.0,3.0,9.0
CCC12CCCN3C1C4=C(CC3)C5=CC=CC=C5N4C(C2)(C(=O)OC)O,0.5714285714285714,26.0,1.0,5.0,0.0,3.0,1.0,5.0,1.0,5.0,2.0,0.0,1.0,1.0,5.0
CCC1(CC2CC(C3=C(CCN(C2)C1)C4=CC=CC=C4N3)(C5=C(C=C6C(=C5)C78CCN9C7C(C=CC9)(C(C(C8N6C=O)(C(=O)OC)O)OC(=O)C)CC)OC)C(=O)OC)O,0.5652173913043478,60.0,3.0,14.0,1.0,5.0,2.0,12.0,3.0,14.0,8.0,1.0,2.0,3.0,9.0
CCC1(CC2CC(C3=C(CCN(C2)C1)C4=CC=CC=C4N3)(C5=C(C=C6C(=C5)C78CCN9C7C(C=CC9)(C(C(C8N6C)(C(=O)N)O)O)CC)OC)C(=O)OC)O,0.5813953488372093,55.0,6.0,12.0,1.0,5.0,2.0,10.0,5.0,12.0,6.0,1.0,2.0,3.0,9.0
CC(=CC=CC=C(C)C=CC=C(C)C=CC12C(CC(CC1(O2)C)O)(C)C)C=CC=C(C)C=CC34C(CC(CC3(O4)C)O)(C)C,0.55,44.0,2.0,4.0,2.0,2.0,0.0,4.0,2.0,4.0,10.0,2.0,2.0,4.0,4.0
CC1(C2CCC3(C(C2(CCC1O)C)CC=C4C3(CCC5(C4CC6(CC5OC6=O)C)C)C)C)C,0.9,33.0,1.0,3.0,5.0,1.0,0.0,3.0,1.0,3.0,0.0,4.0,1.0,5.0,6.0
CC1C(C)C(=O)OC1C(O)C(C)(O)C1C(O)CC2C3CC4OC44C(O)C=CC(=O)C4(C)C3CCC12C,0.8571428571428571,36.0,4.0,8.0,4.0,2.0,0.0,8.0,4.0,8.0,3.0,3.0,2.0,5.0,6.0
COC1=C2C(=CC3=C1OC=C3)C=CC(=O)O2,0.08333333333333333,16.0,0.0,4.0,0.0,0.0,1.0,4.0,0.0,4.0,1.0,0.0,0.0,0.0,3.0
CC1=C(C(CC(C1)O)(C)C)C=CC(=CC=CC(=CC=CC=C(C)C=CC=C(C)C=CC2=C(CC(CC2(C)C)O)C)C)C,0.45,42.0,2.0,2.0,2.0,0.0,0.0,2.0,2.0,2.0,10.0,0.0,0.0,0.0,2.0
